"Package","RelativePath","SizeBytes","LastWriteTime","SHA256"
"fpga\legacy\unclassified_drive_pang","AD_128_ctrl.v","5776","2025-12-08T17:37:14.0000000+08:00","B8D96F87B49AF679405B8369225DD032F4DFBCCB7BB8AD31CE8F4B9C382C8640"
"fpga\legacy\unclassified_drive_pang","AD_128_flow_ctrl.v","5745","2025-12-09T10:55:14.0000000+08:00","783849CC03D1742329D146C6E898CE7C9B0FCE1E399047A1909392CF64468370"
"fpga\legacy\unclassified_drive_pang","ad_2208_ctrl.v","2463","2025-05-09T10:58:46.0000000+08:00","AFE63939D5ED0744DA1F28D34B2D5B81D7D26A2D4AA3CB713715EE7DF63A7AE6"
"fpga\legacy\unclassified_drive_pang","AD_2548_ctrl.v","9229","2025-11-22T23:00:40.0000000+08:00","E6B747FB255F34508BE7B40C25481C60C7EF697CCBA8CDA829BA0598B184F633"
"fpga\legacy\unclassified_drive_pang","AD_677_ctrl.v","6990","2026-04-03T18:25:40.0000000+08:00","6E57E8245979CF9563723C93895B8A7C2D3D844DE2186BEADC8154C48888252D"
"fpga\legacy\unclassified_drive_pang","ad766_driver.v","4455","2026-03-09T15:58:54.0000000+08:00","0E1FD0800C19FA2BC37DC8356F09EB8A8F10DD705E871600CB5430C487553EDF"
"fpga\legacy\unclassified_drive_pang","SAD_9245_driv.v","2536","2026-03-09T15:57:50.0000000+08:00","0C2C0BE6FCFC25116095D895A1F3DC497AA2D0BD08892373B592DF235350E791"
"fpga\legacy\unclassified_drive_pang","yb2208_top.v","3406","2026-04-15T09:38:38.0000000+08:00","0A696DFE853433CA96A2BD656BE7A2525C3DE00B881576B1BE5547EF4CD4BC90"
"fpga\releases\unclassified_error_detection_laser_drive_20260801","bit文件使用说明0801(1).docx","22744","2026-08-01T13:38:07.9060606+08:00","0ACF1E3527D16E0C22FC61AB1008C996A508D9406CFFC912C679C47FD71D089A"
"fpga\releases\unclassified_error_detection_laser_drive_20260801","fpga_pin_netlist_xdc_compare.csv","2170","2026-08-01T14:55:10.8994896+08:00","11714774197D99F7135AEF35367C6A235805C3FD2C220A6D9A4F7D196BB696E4"
"fpga\releases\unclassified_error_detection_laser_drive_20260801","top.bit","28734916","2026-08-01T13:37:48.9521015+08:00","C9448238226235B27D5503D924B414751F1FEA3A3D8886F5764F9A1BA0555484"
"fpga\releases\unclassified_error_detection_laser_drive_20260801","top.ltx","107772","2026-08-01T13:36:10.4278010+08:00","259AC19AD4C1F43BAC3E5D571FAFD15D647FA3B7C55BE327497981546E30FEFD"
"fpga\releases\unclassified_error_detection_laser_drive_20260801","top.xdc","4714","2026-08-01T13:36:11.2242963+08:00","55BCBE8E8DA95F8AA6E6B291E3EF0D47B0C2CAC18D8B3B7A5655D35B615A1B4F"
"matlab\legacy\gs_delay_data_and_examples","data_and_examples\ADCxianxing\adc_inl_dnl.m","8468","2026-07-29T23:58:08.0000000+08:00","CE23C7B4EC90EA73E3C2ABECE3412446E780C1DD870A6DA4458980EC437A8B8D"
"matlab\legacy\gs_delay_data_and_examples","data_and_examples\ADCxianxing\sine_fit.m","1497","2026-06-29T12:12:24.0000000+08:00","CAA57C90C1DB61EAE908CE3D7DB5B728DEC6C9CD5E199892B84296FF0955D78D"
"matlab\legacy\gs_delay_data_and_examples","data_and_examples\ADCxianxing\JG1 inl dnl\DNL_Plot.png","127854","2026-07-29T23:58:32.0000000+08:00","89F38ACC9A456E8EAAB437C1EA64CBD54ECA9DEF602006F97EF5F318DF5B9C31"
"matlab\legacy\gs_delay_data_and_examples","data_and_examples\ADCxianxing\JG1 inl dnl\iladata-1_DNL.fig","576688","2026-07-10T10:37:20.0000000+08:00","F333FD2E113673978766F349B18B4DA420A4F462377232C533D12CC04F8EBB90"
"matlab\legacy\gs_delay_data_and_examples","data_and_examples\ADCxianxing\JG1 inl dnl\iladata-1_DNL.png","47244","2026-07-10T10:37:20.0000000+08:00","37221B05F362B9C960EA8CB08C2E9AD877C65F222A4ED06A94F079C93F4DB863"
"matlab\legacy\gs_delay_data_and_examples","data_and_examples\ADCxianxing\JG1 inl dnl\iladata-1_INL_DNL.mat","788775","2026-07-10T10:37:18.0000000+08:00","06A62C4B4EAA570475A1039ABEC76F134985FA55789970344B3ABD245E8E81B5"
"matlab\legacy\gs_delay_data_and_examples","data_and_examples\ADCxianxing\JG1 inl dnl\iladata-1_INL.fig","586219","2026-07-10T10:37:20.0000000+08:00","E053887B0D0201F3F5F14C187D2C04DC994CAE8903A5B8842760AC38C916483D"
"matlab\legacy\gs_delay_data_and_examples","data_and_examples\ADCxianxing\JG1 inl dnl\iladata-1_INL.png","46917","2026-07-10T10:37:20.0000000+08:00","27E2C27347443FEC2A18A44952C4A71F264AD66FC24D117F3D22551D0B61D25B"
"matlab\legacy\gs_delay_data_and_examples","data_and_examples\ADCxianxing\JG1 inl dnl\iladata-1.csv","2830570","2026-06-25T12:10:24.0000000+08:00","C5C9FD7CF1733146622BD11947AA9C2DFE1F1DA591EB0DE3FEF0D525EAD383CC"
"matlab\legacy\gs_delay_data_and_examples","data_and_examples\ADCxianxing\JG1 inl dnl\iladata-10.csv","2830571","2026-06-25T14:29:44.0000000+08:00","9E8F295251C7C1F2E9E4F6C11E878099AA46CE0B06F69F80302386B3BC553DF4"
"matlab\legacy\gs_delay_data_and_examples","data_and_examples\ADCxianxing\JG1 inl dnl\iladata-11.csv","2830567","2026-06-25T14:30:38.0000000+08:00","5A6C1537314F330C8A03DDF6F66542001FDCB5D8CB178508B47A3C4C82CEC7DE"
"matlab\legacy\gs_delay_data_and_examples","data_and_examples\ADCxianxing\JG1 inl dnl\iladata-12.csv","2830582","2026-06-25T14:31:12.0000000+08:00","780852916363A37D3FD6DBD5DF79AFF23CD8DABF93EC8FA2FA8587186DD41799"
"matlab\legacy\gs_delay_data_and_examples","data_and_examples\ADCxianxing\JG1 inl dnl\iladata-13.csv","2830589","2026-06-25T14:32:00.0000000+08:00","B37ABE9C54E39FB3A86F664E63861506FE98B7E7285CCC012CB7C5AE9EC85A7C"
"matlab\legacy\gs_delay_data_and_examples","data_and_examples\ADCxianxing\JG1 inl dnl\iladata-14.csv","2830534","2026-06-25T14:32:42.0000000+08:00","ACC068963630D749FDC77A73724C0BC5EE09BD31D6A2BB0D785262C0E84E2A52"
"matlab\legacy\gs_delay_data_and_examples","data_and_examples\ADCxianxing\JG1 inl dnl\iladata-15.csv","2830546","2026-06-25T14:33:26.0000000+08:00","76A18D611D478A4DAC334AAEABD09305A029BB02EB7C8658A43A81BC1D9A88DE"
"matlab\legacy\gs_delay_data_and_examples","data_and_examples\ADCxianxing\JG1 inl dnl\iladata-16.csv","2830558","2026-06-25T14:34:08.0000000+08:00","775AFF5C1CB758F9689D76A213D367FC57D1CDA0AEBB304537E9B99FB2808DD6"
"matlab\legacy\gs_delay_data_and_examples","data_and_examples\ADCxianxing\JG1 inl dnl\iladata-17.csv","2830544","2026-06-25T14:35:28.0000000+08:00","ACAB26E8FC6C523165482ADEA26DF139A4235139A8969986A9B95F004B79C2D1"
"matlab\legacy\gs_delay_data_and_examples","data_and_examples\ADCxianxing\JG1 inl dnl\iladata-18.csv","2830562","2026-06-25T14:36:20.0000000+08:00","B6D129AFBFF03215A259FB84F44E2632A89C430396911207406DFB44A74396B9"
"matlab\legacy\gs_delay_data_and_examples","data_and_examples\ADCxianxing\JG1 inl dnl\iladata-19.csv","2830554","2026-06-25T14:36:42.0000000+08:00","12B434C87861AF6515B70146BFD8079C0128F88C146A4B429DE483D5EADC9FE1"
"matlab\legacy\gs_delay_data_and_examples","data_and_examples\ADCxianxing\JG1 inl dnl\iladata-2.csv","2830533","2026-06-25T12:10:46.0000000+08:00","D10653A76313541CFF4E54FAF7053BE6609CB5C4662C63BDDD20F687E04FFAEA"
"matlab\legacy\gs_delay_data_and_examples","data_and_examples\ADCxianxing\JG1 inl dnl\iladata-20.csv","2830516","2026-06-25T14:38:28.0000000+08:00","80BCAC6BD5E9BE7F10DC0992CE3387319E6FF5037CBCF2F4DF340293C9F47CFE"
"matlab\legacy\gs_delay_data_and_examples","data_and_examples\ADCxianxing\JG1 inl dnl\iladata-21.csv","2830602","2026-06-25T14:39:14.0000000+08:00","F33E9CAEAE93E48027C2D1783D7FE78EEDD66D219C38BD7E4AC3B2EFE3366E55"
"matlab\legacy\gs_delay_data_and_examples","data_and_examples\ADCxianxing\JG1 inl dnl\iladata-22.csv","2830607","2026-06-25T14:39:48.0000000+08:00","E7988CCE3A2239B6F58345FAE46B17F12F06B4918AE4E35E7612167762BF5B02"
"matlab\legacy\gs_delay_data_and_examples","data_and_examples\ADCxianxing\JG1 inl dnl\iladata-23.csv","2830583","2026-06-25T14:43:38.0000000+08:00","2877F19F72F9BB7C3D0553F6DCAA0B442D240B32249D989BE7DA716DD18CF589"
"matlab\legacy\gs_delay_data_and_examples","data_and_examples\ADCxianxing\JG1 inl dnl\iladata-24.csv","2830599","2026-06-25T14:44:34.0000000+08:00","551AE96F78CA27D7356AEF47AB1AE52628E33AFA4D99A4EB99B3615AAA22B45D"
"matlab\legacy\gs_delay_data_and_examples","data_and_examples\ADCxianxing\JG1 inl dnl\iladata-25.csv","2830607","2026-06-25T14:45:44.0000000+08:00","232F562F88E29ADA96A83505E8CFF466E8FDAEC80DE2489F7E947160DCE2D89A"
"matlab\legacy\gs_delay_data_and_examples","data_and_examples\ADCxianxing\JG1 inl dnl\iladata-26.csv","2830601","2026-06-25T14:46:24.0000000+08:00","A4D9D8AA157DE2EEEF196226AE787F0D8D3C5E07D4A9BDB3CFA095748F4DE03B"
"matlab\legacy\gs_delay_data_and_examples","data_and_examples\ADCxianxing\JG1 inl dnl\iladata-27.csv","2830568","2026-06-25T14:47:20.0000000+08:00","4F88422ED5BED7C6F2B56A88E55FBB6C880168717FC1C6644C055865CAA9B051"
"matlab\legacy\gs_delay_data_and_examples","data_and_examples\ADCxianxing\JG1 inl dnl\iladata-28.csv","2830598","2026-06-25T14:47:54.0000000+08:00","E3214343388EC52852590C3DAC44D9E69EAD75A260D1837919782FA2BA533EBC"
"matlab\legacy\gs_delay_data_and_examples","data_and_examples\ADCxianxing\JG1 inl dnl\iladata-29.csv","2830599","2026-06-25T14:48:32.0000000+08:00","00022846A5BA12FC8477F5895AB585A06A60537BCA6D38A82CBCF66A8597117B"
"matlab\legacy\gs_delay_data_and_examples","data_and_examples\ADCxianxing\JG1 inl dnl\iladata-3.csv","2830584","2026-06-25T12:11:06.0000000+08:00","919455B7DB422FA39F4B76C6F7E1746EB8130F43C394BD321D264C7929B23E9E"
"matlab\legacy\gs_delay_data_and_examples","data_and_examples\ADCxianxing\JG1 inl dnl\iladata-30.csv","2830575","2026-06-25T14:49:02.0000000+08:00","8D750202FD0A6C9C2B94FF2932078C0DE3760D081882A4F2F465509DD758084E"
"matlab\legacy\gs_delay_data_and_examples","data_and_examples\ADCxianxing\JG1 inl dnl\iladata-31.csv","2830590","2026-06-25T14:50:02.0000000+08:00","68389386B63F98440F60D015F3101A237E027C8485375BCBB84EC87AA7C51EB2"
"matlab\legacy\gs_delay_data_and_examples","data_and_examples\ADCxianxing\JG1 inl dnl\iladata-32.csv","2830570","2026-06-25T14:52:06.0000000+08:00","475D5C4A496E6E58C29D7FDBD7DBB4BABA9E37D8D3756C338B5E44D058FE7ED6"
"matlab\legacy\gs_delay_data_and_examples","data_and_examples\ADCxianxing\JG1 inl dnl\iladata-33.csv","2830596","2026-06-25T14:52:28.0000000+08:00","F783C1D738617479E7EC4FC7C067D78B2BCF9455B22EF15BA5FB45665F718B61"
"matlab\legacy\gs_delay_data_and_examples","data_and_examples\ADCxianxing\JG1 inl dnl\iladata-34.csv","2830588","2026-06-25T14:52:52.0000000+08:00","FBD02DCF77683181736DB61ACC32BCF71D04E3BC268A2C1ED3656F2DF7A6BF98"
"matlab\legacy\gs_delay_data_and_examples","data_and_examples\ADCxianxing\JG1 inl dnl\iladata-35.csv","2830571","2026-06-25T14:53:50.0000000+08:00","32B4E6B7C25F60F0F4862616993695D13B5A7A7F79C790DA3F464DB86D9B7679"
"matlab\legacy\gs_delay_data_and_examples","data_and_examples\ADCxianxing\JG1 inl dnl\iladata-36.csv","2830539","2026-06-25T14:54:22.0000000+08:00","609BB89B7AAF77FCA44FEE8AB0E6AC676F777E97FBED01D0D444D8BBE1F86639"
"matlab\legacy\gs_delay_data_and_examples","data_and_examples\ADCxianxing\JG1 inl dnl\iladata-37.csv","2830583","2026-06-25T14:57:18.0000000+08:00","33B964F552323C0FFD0D59D70A67148F934BA79D3CDE8877305726D7CB37F033"
"matlab\legacy\gs_delay_data_and_examples","data_and_examples\ADCxianxing\JG1 inl dnl\iladata-38.csv","2830595","2026-06-25T14:58:28.0000000+08:00","9940EFCFBC68FEEA8B638C7584BA415171CF3F3AA467E435458C5530CFA05AA0"
"matlab\legacy\gs_delay_data_and_examples","data_and_examples\ADCxianxing\JG1 inl dnl\iladata-39.csv","2830622","2026-06-25T15:00:14.0000000+08:00","B9720575D0AE6F232FEA548AF06F4D2119E2E4BFCAA3C4EF575BDA37C39DB3EE"
"matlab\legacy\gs_delay_data_and_examples","data_and_examples\ADCxianxing\JG1 inl dnl\iladata-4.csv","2830535","2026-06-25T12:11:28.0000000+08:00","E43414830CDC4EE48CD6B2278E471B1BB772F616857DE312B8F22EBB6670397D"
"matlab\legacy\gs_delay_data_and_examples","data_and_examples\ADCxianxing\JG1 inl dnl\iladata-40.csv","2830615","2026-06-25T15:01:42.0000000+08:00","BA6DF9A78186C35174B593770A5B853311B001B867C378B135B71AF9F1597AE0"
"matlab\legacy\gs_delay_data_and_examples","data_and_examples\ADCxianxing\JG1 inl dnl\iladata-41.csv","2830580","2026-06-25T15:02:22.0000000+08:00","3B0117A929E8F00796C85ACB41DA28A3A5FCB7C9149DAA2356C5EB2809535943"
"matlab\legacy\gs_delay_data_and_examples","data_and_examples\ADCxianxing\JG1 inl dnl\iladata-42.csv","2830588","2026-06-25T15:03:10.0000000+08:00","9FDF3134855B886405DCB1ECB54BA36657124B5D7E194F7204BFF6E863827ECF"
"matlab\legacy\gs_delay_data_and_examples","data_and_examples\ADCxianxing\JG1 inl dnl\iladata-43.csv","2830594","2026-06-25T15:03:54.0000000+08:00","B7F3C5F2232FFE1A616CD8B4D7DF6DF1E5D02F1BC4922B62B49339F1C8ACD2AB"
"matlab\legacy\gs_delay_data_and_examples","data_and_examples\ADCxianxing\JG1 inl dnl\iladata-44.csv","2830624","2026-06-25T15:04:26.0000000+08:00","F476016CA638F60FFD102EC27EC7A450214CB9715565A6415852E5A258840FCA"
"matlab\legacy\gs_delay_data_and_examples","data_and_examples\ADCxianxing\JG1 inl dnl\iladata-45.csv","2830620","2026-06-25T15:05:14.0000000+08:00","39C88AB59224B0EE2065901CD7B25B10C464327D03E1F596A8FDBA37FC05240C"
"matlab\legacy\gs_delay_data_and_examples","data_and_examples\ADCxianxing\JG1 inl dnl\iladata-46.csv","2830598","2026-06-25T15:05:40.0000000+08:00","269C44277B7006F759549582F828882F038901F68335A7B6939A5614DF0EF42E"
"matlab\legacy\gs_delay_data_and_examples","data_and_examples\ADCxianxing\JG1 inl dnl\iladata-47.csv","2830566","2026-06-25T15:07:18.0000000+08:00","C5B5ED72835151F91C85D6BE8EDCFA5D57EC5B9F9C463A3349732C63504890D0"
"matlab\legacy\gs_delay_data_and_examples","data_and_examples\ADCxianxing\JG1 inl dnl\iladata-48.csv","2830555","2026-06-25T15:08:56.0000000+08:00","D19A884B7492AD8156926FB3AC9CBF1BA91B03E193571DD4AF985D5C863A6BD4"
"matlab\legacy\gs_delay_data_and_examples","data_and_examples\ADCxianxing\JG1 inl dnl\iladata-49.csv","2830635","2026-06-25T15:10:20.0000000+08:00","A71E36C2EDF54208C22D4F08F43F40A86B881E79F7B4948E8BE9E4FE1C66D480"
"matlab\legacy\gs_delay_data_and_examples","data_and_examples\ADCxianxing\JG1 inl dnl\iladata-5.csv","2830503","2026-06-25T12:12:24.0000000+08:00","D6F6F99D857FD3451A6859C798726C62EAC0A5580216EBEC579021260EFC8239"
"matlab\legacy\gs_delay_data_and_examples","data_and_examples\ADCxianxing\JG1 inl dnl\iladata-50.csv","2830643","2026-06-25T15:10:52.0000000+08:00","5EA66E40F93E9009938F722721737E28F5A4F049B5B227BB179A873A4F1F17DF"
"matlab\legacy\gs_delay_data_and_examples","data_and_examples\ADCxianxing\JG1 inl dnl\iladata-51.csv","2830616","2026-06-25T15:11:48.0000000+08:00","6C1C9BFAB06B6EDEC57401203FC5B6FC66E437EFF1C3D5F98FA8782F6EF5351B"
"matlab\legacy\gs_delay_data_and_examples","data_and_examples\ADCxianxing\JG1 inl dnl\iladata-52.csv","2830609","2026-06-25T15:12:38.0000000+08:00","E5EF83368F681EF7FF8D33BD82BE0569BBBE15DD13FA0593AC9D0DB538DFCD9A"
"matlab\legacy\gs_delay_data_and_examples","data_and_examples\ADCxianxing\JG1 inl dnl\iladata-53.csv","2830579","2026-06-25T15:13:28.0000000+08:00","927DDD3B0327D16992578BED771D6B4E536443B00191608DA794064B2DD02FBD"
"matlab\legacy\gs_delay_data_and_examples","data_and_examples\ADCxianxing\JG1 inl dnl\iladata-54.csv","2830600","2026-06-25T15:14:02.0000000+08:00","0A28E02C00B93B02BD2BAB5E2108E59FFBB1C97A627A230627DCFA5257FEBCE2"
"matlab\legacy\gs_delay_data_and_examples","data_and_examples\ADCxianxing\JG1 inl dnl\iladata-55.csv","2830582","2026-06-25T15:14:24.0000000+08:00","34648D292480D3DC0549EEBDF16F7E654F3F1CFAC95BA5B43BB432085B9FB3D4"
"matlab\legacy\gs_delay_data_and_examples","data_and_examples\ADCxianxing\JG1 inl dnl\iladata-56.csv","2830619","2026-06-25T15:14:50.0000000+08:00","71B9AD5B7D973BF3A12220DCE2ADE1C411B43EF09C41D2D1C1ADF457970C4121"
"matlab\legacy\gs_delay_data_and_examples","data_and_examples\ADCxianxing\JG1 inl dnl\iladata-57.csv","2830621","2026-06-25T15:15:46.0000000+08:00","33C6597F141F8A6925A47AF9A4F570DC9D3383E938B1C8CA99DFAF452BDCB752"
"matlab\legacy\gs_delay_data_and_examples","data_and_examples\ADCxianxing\JG1 inl dnl\iladata-58.csv","2830615","2026-06-25T15:16:10.0000000+08:00","D2443601A2CEE38E2EFBA759B0B31A40B4B6AE4CEAE82392E3961D0DEF235729"
"matlab\legacy\gs_delay_data_and_examples","data_and_examples\ADCxianxing\JG1 inl dnl\iladata-59.csv","2830599","2026-06-25T15:17:16.0000000+08:00","2DCE4287920F0A336AA82CC6CF064356BDD77F34891E928FB6CA1A1E655E6F20"
"matlab\legacy\gs_delay_data_and_examples","data_and_examples\ADCxianxing\JG1 inl dnl\iladata-6.csv","2830555","2026-06-25T14:23:52.0000000+08:00","A8A103E06DB996BF67BCD91A81A32804DB39AF601177E1C9BC07E4881F134FBD"
"matlab\legacy\gs_delay_data_and_examples","data_and_examples\ADCxianxing\JG1 inl dnl\iladata-60.csv","2830560","2026-06-25T15:18:28.0000000+08:00","547ED2DA8E8100F31236E2F701B01DE86C8AC600570A343788F424EEEB55B3A9"
"matlab\legacy\gs_delay_data_and_examples","data_and_examples\ADCxianxing\JG1 inl dnl\iladata-7.csv","2830604","2026-06-25T14:24:36.0000000+08:00","0EA501D6E3469D78955493354D576A9365D42FEE37B4AAA4A2C2DD77E6EDE22C"
"matlab\legacy\gs_delay_data_and_examples","data_and_examples\ADCxianxing\JG1 inl dnl\iladata-8.csv","2830589","2026-06-25T14:25:54.0000000+08:00","A06BC00722916F733250AF5A66CCFF0354B29315D789D1B0C6DE9320E08B89CB"
"matlab\legacy\gs_delay_data_and_examples","data_and_examples\ADCxianxing\JG1 inl dnl\iladata-9.csv","2830611","2026-06-25T14:27:30.0000000+08:00","1B6A0A9A457E67A121347BF428255BFD93C43EFDD840EDBD2AD4EA28C13D0CB6"
"matlab\legacy\gs_delay_data_and_examples","data_and_examples\ADCxianxing\JG1 inl dnl\INL_Plot.png","132208","2026-07-29T23:58:34.0000000+08:00","3FF8C4573BC1434C1FB28CA95CFE85F233ACCD87D0B61DE1293605AD899AA8AC"
"matlab\legacy\gs_delay_data_and_examples","data_and_examples\ADCxianxing\JG1 inl dnl\output.txt","29811","2026-07-29T23:58:34.0000000+08:00","00B07977809AE3D28B9FFF3346E3C5266A2FFADFFC2F6D52AA4C560FDD52D571"
"matlab\legacy\gs_delay_data_and_examples","data_and_examples\DACxianxing\DAC_xianxing.m","2830","2026-07-29T22:00:48.0000000+08:00","02AFFBF5A8A16411E7BE3A8B8DD56A7107D3BA4A58400B5B3CBE36995979DD15"
"matlab\legacy\gs_delay_data_and_examples","data_and_examples\DACxianxing\DAC1_xianxing.csv","289967569","2026-07-27T10:21:10.0000000+08:00","7F77EF6E99A163AF59FDDA39F9B7293CBAC219E6FDD23EE90711F15017BD0B70"
"matlab\legacy\gs_delay_data_and_examples","data_and_examples\noise\细刻度噪声测量.csv","590000014","2026-07-27T16:21:34.0000000+08:00","410EF0F09365A09059DA0BE90E2341B6A8AB9E73C512C4563176AA081396FC61"
"matlab\legacy\gs_delay_data_and_examples","data_and_examples\noise\DAC_zaosheng.m","3896","2026-07-28T14:02:36.0000000+08:00","82E248EA130909D466751923BAF914FC1F5453F035A478EE177484FA94BE4B47"
"matlab\legacy\gs_delay_data_and_examples","data_and_examples\sfdr\adc_sfdr.m","12124","2026-07-29T23:41:30.0000000+08:00","61AC9F670E6B2E63643404958DC3ECAD7296B5F5CBD26C9F23F30AFCC5733EE0"
"matlab\legacy\gs_delay_data_and_examples","data_and_examples\sfdr\ADC6_sfdr.ila.csv","2783832","2026-07-28T14:52:22.0000000+08:00","EE0A16B42829A2E2BFC9EB05C87D9398820CB7E505120E036948F98D77123569"
"matlab\legacy\gs_delay_data_and_examples","data_and_examples\sfdr\adcsfdr.ila.csv","2786008","2026-07-28T11:47:02.0000000+08:00","B3BC17209248923B68702675979AAC6785075597EEFB539437FB061AAD28DA49"
"matlab\legacy\gs_delay_data_and_examples","data_and_examples\sfdr\find_accu_peak.m","553","2025-07-02T09:35:24.0000000+08:00","0AF24692DC64A208066FB08E96C7E4AC0CEA41F2893CAAF9588C929F6C726FFA"
"matlab\legacy\gs_delay_data_and_examples","data_and_examples\sfdr\sine_fit.m","1497","2026-06-29T12:08:52.0000000+08:00","CAA57C90C1DB61EAE908CE3D7DB5B728DEC6C9CD5E199892B84296FF0955D78D"
