"relative_path","absolute_path","category","signature","purpose","direct_public_dependencies","sha256","validation_status"
"128_hy/adc_bandwidth_analysis.m","F:/01_Laser/code/matlab/513DIANXING_analysis/CW_analysis/CW_513_ANALYSIS/128_hy/adc_bandwidth_analysis.m","正式单项入口","function results = adc_bandwidth_analysis(dataFolder, selectedFiles, outputFolder, runOptions)","频率响应、−3 dB带宽","converter.adc.runBandwidth; converter.io.parseFrequencyHz; converter.io.prepareAdcRadix; converter.io.readAdcCsv; converter.io.resolveInputPath; converter.io.selectCsvFiles; converter.runtime.applyRunOptions","0cc5b3e034861a86c46072c3171011f57b5e729bbbc3f3233399cae98b5f064b","按本次实施报告逐项核对；清单不等于方法已验证"
"128_hy/private/adc128Config.m","F:/01_Laser/code/matlab/513DIANXING_analysis/CW_analysis/CW_513_ANALYSIS/128_hy/private/adc128Config.m","private配置和辅助","function config = adc128Config()","按分类使用；不是独立测量入口","","4c07d1abf795cf6cd61ce5b61eb56673caa58a2e4189ed2006cf42311b853247","按本次实施报告逐项核对；清单不等于方法已验证"
"128_hy/private/bootstrapRuntime.m","F:/01_Laser/code/matlab/513DIANXING_analysis/CW_analysis/CW_513_ANALYSIS/128_hy/private/bootstrapRuntime.m","private配置和辅助","function bootstrapRuntime()","按分类使用；不是独立测量入口","","df7804d4074c0b018063cc24d93ad37b70c42190233efba78d5980749f345075","按本次实施报告逐项核对；清单不等于方法已验证"
"2208_hy/adc_bandwidth_analysis.m","F:/01_Laser/code/matlab/513DIANXING_analysis/CW_analysis/CW_513_ANALYSIS/2208_hy/adc_bandwidth_analysis.m","正式单项入口","function results = adc_bandwidth_analysis(dataFolder, selectedFiles, outputFolder, runOptions)","频率响应、−3 dB带宽","converter.adc.runBandwidth; converter.io.prepareAdcRadix; converter.runtime.applyRunOptions","40174bf781c36eb55423dbdd83a010f426b64bd294f17b363a0c291512889b0c","按本次实施报告逐项核对；清单不等于方法已验证"
"2208_hy/adc_ila_noise_analysis.m","F:/01_Laser/code/matlab/513DIANXING_analysis/CW_analysis/CW_513_ANALYSIS/2208_hy/adc_ila_noise_analysis.m","正式单项入口","function results = adc_ila_noise_analysis(dataFolder, selectedFiles, outputFolder, runOptions)","ILA输入等效PSD/ASD和频带积分","converter.adc.runInputNoise; converter.io.prepareAdcRadix; converter.io.resolveAdcChannels; converter.io.resolveInputPath; converter.io.resolveOutputBase; converter.io.selectCsvFiles; converter.runtime.applyRunOptions","3b0ab52424fccee248b4f5e26953b9e9acb72134d4d25a216c312333d92d1729","按本次实施报告逐项核对；清单不等于方法已验证"
"2208_hy/adc_inl_dnl_analysis.m","F:/01_Laser/code/matlab/513DIANXING_analysis/CW_analysis/CW_513_ANALYSIS/2208_hy/adc_inl_dnl_analysis.m","正式单项入口","function results = adc_inl_dnl_analysis(dataFolder, selectedFiles, outputFolder, recordsAreSampleContiguous, runOptions)","正弦码密度INL/DNL","converter.adc.runInlDnl; converter.io.prepareAdcRadix; converter.runtime.applyRunOptions","30952bf6fa55567ceea2fbb7e2903c1c221e7e8b8a877f096e11c0cf6ec7aa3b","按本次实施报告逐项核对；清单不等于方法已验证"
"2208_hy/adc_isolation_analysis.m","F:/01_Laser/code/matlab/513DIANXING_analysis/CW_analysis/CW_513_ANALYSIS/2208_hy/adc_isolation_analysis.m","正式单项入口","function results = adc_isolation_analysis(dataFolder, selectedFiles, outputFolder, configOverride)","ADC驱动/受扰隔离度","converter.adc.runIsolation; converter.io.prepareAdcRadix; converter.runtime.mergeConfig","7bb70e4c4ec8530ad518ec2916155a9d76f026a00860ab7d43780cecd2d9f715","按本次实施报告逐项核对；清单不等于方法已验证"
"2208_hy/adc_pico_noise_1hz_analysis.m","F:/01_Laser/code/matlab/513DIANXING_analysis/CW_analysis/CW_513_ANALYSIS/2208_hy/adc_pico_noise_1hz_analysis.m","正式单项入口","function result = adc_pico_noise_1hz_analysis(dataFolder, selectedFiles, outputFolder, runOptions)","PICO联合DA9726刻度的输入等效1 Hz ASD","converter.calibration.loadAdcCalibration; converter.calibration.reportCalibration; converter.report.writeTable; converter.runtime.finalizeBundle; converter.runtime.refreshResultPaths; converter.runtime.sha256File","70f5ce2e0e783a2c8dd31dbd63cc19ef6d8538a35a09136688fb59342cb87932","按本次实施报告逐项核对；清单不等于方法已验证"
"2208_hy/adc_power_scale_analysis.m","F:/01_Laser/code/matlab/513DIANXING_analysis/CW_analysis/CW_513_ANALYSIS/2208_hy/adc_power_scale_analysis.m","正式单项入口","function results = adc_power_scale_analysis(dataFolder, selectedFiles, outputFolder, runOptions)","CodePp→Vpp刻度、99%临界输入估计","converter.adc.runPowerScale; converter.io.prepareAdcRadix; converter.runtime.applyRunOptions","916bb046ae6026b85b713e5d59f6219407d8b84f281a6779400f7c3334bad561","按本次实施报告逐项核对；清单不等于方法已验证"
"2208_hy/adc_sfdr_analysis.m","F:/01_Laser/code/matlab/513DIANXING_analysis/CW_analysis/CW_513_ANALYSIS/2208_hy/adc_sfdr_analysis.m","正式单项入口","function results = adc_sfdr_analysis(dataFolder, selectedFiles, outputFolder, runOptions)","SFDR/SNR/SINAD/THD/ENOB","converter.adc.runSfdr; converter.io.prepareAdcRadix; converter.runtime.applyRunOptions","4c1968bf8a1cd921ed4f7e653712154257aba7ede0c4bd6e2aa377542589368e","按本次实施报告逐项核对；清单不等于方法已验证"
"2208_hy/private/ad2208Config.m","F:/01_Laser/code/matlab/513DIANXING_analysis/CW_analysis/CW_513_ANALYSIS/2208_hy/private/ad2208Config.m","private配置和辅助","function config = ad2208Config(analysisId)","按分类使用；不是独立测量入口","converter.calibration.reportCalibration; converter.runtime.sha256File","ea4918ed316d483ef832ffdbca3cf3e4c9ff0518f02857814d09d6bfb635d63f","按本次实施报告逐项核对；清单不等于方法已验证"
"2208_hy/private/bootstrapRuntime.m","F:/01_Laser/code/matlab/513DIANXING_analysis/CW_analysis/CW_513_ANALYSIS/2208_hy/private/bootstrapRuntime.m","private配置和辅助","function bootstrapRuntime()","按分类使用；不是独立测量入口","","ed5bb95178bdd614bfa854bc68e4459aa3114257f2e1b2d9fd095a76118f7fb5","按本次实施报告逐项核对；清单不等于方法已验证"
"677_hy/adc_bandwidth_analysis.m","F:/01_Laser/code/matlab/513DIANXING_analysis/CW_analysis/CW_513_ANALYSIS/677_hy/adc_bandwidth_analysis.m","正式单项入口","function results = adc_bandwidth_analysis(dataFolder, selectedFiles, outputFolder, runOptions)","频率响应、−3 dB带宽","converter.adc.runBandwidth; converter.io.parseFrequencyHz; converter.io.prepareAdcRadix; converter.io.readAdcCsv; converter.io.resolveInputPath; converter.io.selectCsvFiles; converter.runtime.applyRunOptions","c9057a4f9a0fb672789615e3c52c3a25cab7aa3ac511949ec7fc3afcefa7d53e","按本次实施报告逐项核对；清单不等于方法已验证"
"677_hy/adc_ila_noise_analysis.m","F:/01_Laser/code/matlab/513DIANXING_analysis/CW_analysis/CW_513_ANALYSIS/677_hy/adc_ila_noise_analysis.m","正式单项入口","function results = adc_ila_noise_analysis(dataFolder, selectedFiles, outputFolder, runOptions)","ILA输入等效PSD/ASD和频带积分","converter.adc.runInputNoise; converter.io.prepareAdcRadix; converter.io.resolveAdcChannels; converter.io.resolveInputPath; converter.io.resolveOutputBase; converter.io.selectCsvFiles; converter.runtime.applyRunOptions","fd67195a9469b9cbde619e865b487b74b0370ec2a8d442aa274f0e19e7d20068","按本次实施报告逐项核对；清单不等于方法已验证"
"677_hy/adc_pico_noise_1hz_analysis.m","F:/01_Laser/code/matlab/513DIANXING_analysis/CW_analysis/CW_513_ANALYSIS/677_hy/adc_pico_noise_1hz_analysis.m","正式单项入口","function result = adc_pico_noise_1hz_analysis(dataFolder, selectedFiles, outputFolder, runOptions)","PICO联合DA9726刻度的输入等效1 Hz ASD","converter.io.loadPicoMat; converter.io.resolveOutputBase","c2bb7f1eb4505c0e0e6d2737f72f6ace748dfc4f52f236d35a05252da9cae33f","按本次实施报告逐项核对；清单不等于方法已验证"
"677_hy/adc_power_scale_analysis.m","F:/01_Laser/code/matlab/513DIANXING_analysis/CW_analysis/CW_513_ANALYSIS/677_hy/adc_power_scale_analysis.m","正式单项入口","function results = adc_power_scale_analysis(dataFolder, selectedFiles, outputFolder, runOptions)","CodePp→Vpp刻度、99%临界输入估计","converter.adc.runPowerScale; converter.io.prepareAdcRadix; converter.runtime.applyRunOptions","a4ea5be9b65300e206462b96cb445f9da79cb4bff6237a29632352661f50a71e","按本次实施报告逐项核对；清单不等于方法已验证"
"677_hy/audit_ad677_results.m","F:/01_Laser/code/matlab/513DIANXING_analysis/CW_analysis/CW_513_ANALYSIS/677_hy/audit_ad677_results.m","器件辅助工具或历史调度","function auditTable = audit_ad677_results(dataRoot)","按分类使用；不是独立测量入口","converter.report.writeTable; converter.runtime.auditRun","596b1f1b567a93fca584b8c3b3827c912f66fe2a9da156cac55d0cbf70986477","按本次实施报告逐项核对；清单不等于方法已验证"
"677_hy/ila_waveform_fft.m","F:/01_Laser/code/matlab/513DIANXING_analysis/CW_analysis/CW_513_ANALYSIS/677_hy/ila_waveform_fft.m","器件辅助工具或历史调度","function result = ila_waveform_fft(csvFile, opts)","按分类使用；不是独立测量入口","","849e0494ac757328dbd4fbb510da60c01280b400bad7073480c8a71356d738c7","按本次实施报告逐项核对；清单不等于方法已验证"
"677_hy/private/ad677Config.m","F:/01_Laser/code/matlab/513DIANXING_analysis/CW_analysis/CW_513_ANALYSIS/677_hy/private/ad677Config.m","private配置和辅助","function config = ad677Config(analysisId)","按分类使用；不是独立测量入口","converter.calibration.reportCalibration","8f1d4f59895ee0ebd0040ddeeef0502e3be2ebb9190ede258edf6f4c133227ae","按本次实施报告逐项核对；清单不等于方法已验证"
"677_hy/private/ad677PowerSetpoints.m","F:/01_Laser/code/matlab/513DIANXING_analysis/CW_analysis/CW_513_ANALYSIS/677_hy/private/ad677PowerSetpoints.m","private配置和辅助","function setpoints = ad677PowerSetpoints(dataFolder, selectedFiles)","按分类使用；不是独立测量入口","","a54331fa1dccc91870c5ebd26a22ce1ce11f4b70426cfc3704cf93d15db835f3","按本次实施报告逐项核对；清单不等于方法已验证"
"677_hy/private/ad677ResolveInputs.m","F:/01_Laser/code/matlab/513DIANXING_analysis/CW_analysis/CW_513_ANALYSIS/677_hy/private/ad677ResolveInputs.m","private配置和辅助","function [dataFolder, selectedFiles, outputFolder] = ad677ResolveInputs( dataFolder, selectedFiles, outputFolder)","按分类使用；不是独立测量入口","converter.io.resolveOutputBase; converter.io.selectCsvFiles","16bd5fae3e4ede1b8c9afa8d3642f764d72aec7829d13b48df9f603cfa83caa6","按本次实施报告逐项核对；清单不等于方法已验证"
"677_hy/private/bootstrapRuntime.m","F:/01_Laser/code/matlab/513DIANXING_analysis/CW_analysis/CW_513_ANALYSIS/677_hy/private/bootstrapRuntime.m","private配置和辅助","function bootstrapRuntime()","按分类使用；不是独立测量入口","","be1051cd19aaf90d022ca78c8107c0762185ca15dd40bf86d0f354bf2088e165","按本次实施报告逐项核对；清单不等于方法已验证"
"677_hy/run_ad677_batch.m","F:/01_Laser/code/matlab/513DIANXING_analysis/CW_analysis/CW_513_ANALYSIS/677_hy/run_ad677_batch.m","器件辅助工具或历史调度","function batchSummary = run_ad677_batch(dataRoot)","按分类使用；不是独立测量入口","","eeafa22ab2af439b94a6e746b726335eb4881220fca71257155f10e7a513be2e","按本次实施报告逐项核对；清单不等于方法已验证"
"677_hy/run_ila_waveform_fft.m","F:/01_Laser/code/matlab/513DIANXING_analysis/CW_analysis/CW_513_ANALYSIS/677_hy/run_ila_waveform_fft.m","器件辅助工具或历史调度","function results = run_ila_waveform_fft(csvFiles, resultDir, opts)","按分类使用；不是独立测量入口","","ef84fd52fd0a38273c9373270426dcb7eb783274b353a197d7215892c7a03cf0","按本次实施报告逐项核对；清单不等于方法已验证"
"766_hy/dac_isolation_analysis.m","F:/01_Laser/code/matlab/513DIANXING_analysis/CW_analysis/CW_513_ANALYSIS/766_hy/dac_isolation_analysis.m","正式单项入口","function result = dac_isolation_analysis(dataFolder, pairManifest, outputFolder, configOverride)","DAC同频隔离度及矩阵","converter.dac.runIsolation; converter.io.prepareDacIsolation","9555e0e9d758c8c2a60a68c6773ce7540e63a7abe8272067bfe919d6af7d74cd","按本次实施报告逐项核对；清单不等于方法已验证"
"766_hy/dac_noise_analysis.m","F:/01_Laser/code/matlab/513DIANXING_analysis/CW_analysis/CW_513_ANALYSIS/766_hy/dac_noise_analysis.m","正式单项入口","function result = dac_noise_analysis(dataFolder, selectedFiles, outputFolder, configOverride)","DAC输出PSD/ASD，按配置启用积分","converter.dac.runNoise; converter.io.prepareDacInputs","932bfcf400ba15345d32d2c0ee8aac71e05de2682889502a0b44ce02ddd79629","按本次实施报告逐项核对；清单不等于方法已验证"
"766_hy/dac_scale_analysis.m","F:/01_Laser/code/matlab/513DIANXING_analysis/CW_analysis/CW_513_ANALYSIS/766_hy/dac_scale_analysis.m","正式单项入口","function result = dac_scale_analysis(dataFolder, selectedFiles, outputFolder, configOverride)","DAC正弦输出Vpp和码值刻度","converter.dac.runScale; converter.io.prepareDacInputs","035066b7717b56bf78fea23de5c570806d42ee503c912f85c61e0e460724ff0a","按本次实施报告逐项核对；清单不等于方法已验证"
"766_hy/dac_scale_hex_analysis.m","F:/01_Laser/code/matlab/513DIANXING_analysis/CW_analysis/CW_513_ANALYSIS/766_hy/dac_scale_hex_analysis.m","正式单项入口","function result = dac_scale_hex_analysis(dataFolder, selectedFiles, outputFolder)","DA766十六进制正弦刻度","converter.dac.runScale; converter.io.loadPicoMat; converter.io.resolveInputPath; converter.io.selectMatFiles","a5f9153504914f566ee7c2af423298d73bc019228b2ebcf94f8b9b52763d4959","按本次实施报告逐项核对；清单不等于方法已验证"
"766_hy/private/bootstrapRuntime.m","F:/01_Laser/code/matlab/513DIANXING_analysis/CW_analysis/CW_513_ANALYSIS/766_hy/private/bootstrapRuntime.m","private配置和辅助","function bootstrapRuntime()","按分类使用；不是独立测量入口","","af3931e7f67589898bea49542e5ee8e7c71873737a3cf953f714ca81bfa1a829","按本次实施报告逐项核对；清单不等于方法已验证"
"766_hy/private/da766Config.m","F:/01_Laser/code/matlab/513DIANXING_analysis/CW_analysis/CW_513_ANALYSIS/766_hy/private/da766Config.m","private配置和辅助","function config = da766Config(analysisId)","按分类使用；不是独立测量入口","converter.calibration.reportCalibration","11d513472e35f95c2763514d54663a0291819d895d14ae2b3b7e8c178e4617a6","按本次实施报告逐项核对；清单不等于方法已验证"
"9245_hy/adc_bandwidth_analysis.m","F:/01_Laser/code/matlab/513DIANXING_analysis/CW_analysis/CW_513_ANALYSIS/9245_hy/adc_bandwidth_analysis.m","正式单项入口","function results = adc_bandwidth_analysis(dataFolder, selectedFiles, outputFolder, runOptions)","频率响应、−3 dB带宽","converter.adc.runBandwidth; converter.io.prepareAdcRadix; converter.runtime.applyRunOptions","5f246def53aa6da93a687ac4740d73eb34ba4471f1ae33314d4dd4bdd3cb2a16","按本次实施报告逐项核对；清单不等于方法已验证"
"9245_hy/adc_inl_dnl_analysis.m","F:/01_Laser/code/matlab/513DIANXING_analysis/CW_analysis/CW_513_ANALYSIS/9245_hy/adc_inl_dnl_analysis.m","正式单项入口","function results = adc_inl_dnl_analysis(dataFolder, selectedFiles, outputFolder, runOptions)","正弦码密度INL/DNL","converter.adc.runInlDnl; converter.io.prepareAdcRadix; converter.runtime.applyRunOptions","d4b66874d3b7e368a1300784664e10723ec7de6d5417085324c6088e6a03bcab","按本次实施报告逐项核对；清单不等于方法已验证"
"9245_hy/adc_input_noise_analysis.m","F:/01_Laser/code/matlab/513DIANXING_analysis/CW_analysis/CW_513_ANALYSIS/9245_hy/adc_input_noise_analysis.m","正式单项入口","function result = adc_input_noise_analysis(dataFolder, outputFolder, runOptions)","PICO联合DA9726刻度的输入等效1 Hz ASD","converter.calibration.loadAdcCalibration; converter.calibration.reportCalibration; converter.io.resolveInputPath; converter.io.resolveOutputBase; converter.io.selectMatFiles; converter.runtime.mergeConfig","9bbc9140b1e4b96808d300a22e4a3303c9dc1a524512fd67aa7ffc66b9c2c3aa","按本次实施报告逐项核对；清单不等于方法已验证"
"9245_hy/adc_isolation_analysis.m","F:/01_Laser/code/matlab/513DIANXING_analysis/CW_analysis/CW_513_ANALYSIS/9245_hy/adc_isolation_analysis.m","正式单项入口","function results = adc_isolation_analysis(dataFolder, selectedFiles, outputFolder, runOptions)","ADC驱动/受扰隔离度","converter.adc.runIsolation; converter.io.prepareAdcRadix; converter.runtime.applyRunOptions","e200c8fc457515092e38eed667581ee2f7ae66d002d2913f8bb30d13cd9be44c","按本次实施报告逐项核对；清单不等于方法已验证"
"9245_hy/adc_power_scale_analysis.m","F:/01_Laser/code/matlab/513DIANXING_analysis/CW_analysis/CW_513_ANALYSIS/9245_hy/adc_power_scale_analysis.m","正式单项入口","function results = adc_power_scale_analysis(dataFolder, selectedFiles, outputFolder, runOptions)","CodePp→Vpp刻度、99%临界输入估计","converter.adc.runPowerScale; converter.io.prepareAdcRadix; converter.io.selectCsvFiles; converter.runtime.applyRunOptions","5fcfc0540ee990363d83e96b0ac54d07cd287e43a92812851cb9d2174ca9e1fe","按本次实施报告逐项核对；清单不等于方法已验证"
"9245_hy/adc_sfdr_analysis.m","F:/01_Laser/code/matlab/513DIANXING_analysis/CW_analysis/CW_513_ANALYSIS/9245_hy/adc_sfdr_analysis.m","正式单项入口","function results = adc_sfdr_analysis(dataFolder, selectedFiles, outputFolder, runOptions)","SFDR/SNR/SINAD/THD/ENOB","converter.adc.runSfdr; converter.io.prepareAdcRadix; converter.runtime.applyRunOptions","7e35b86c8d8c1dcec080ad38212f76824f59c356cc09a2517267e707b2c85240","按本次实施报告逐项核对；清单不等于方法已验证"
"9245_hy/private/ad9245Config.m","F:/01_Laser/code/matlab/513DIANXING_analysis/CW_analysis/CW_513_ANALYSIS/9245_hy/private/ad9245Config.m","private配置和辅助","function config = ad9245Config(analysisId)","按分类使用；不是独立测量入口","converter.calibration.reportCalibration","8f39511611310c527b2e68e32b32f5eeb68fbd85d5afdbdcf3d644bb7cf53f49","按本次实施报告逐项核对；清单不等于方法已验证"
"9245_hy/private/bootstrapRuntime.m","F:/01_Laser/code/matlab/513DIANXING_analysis/CW_analysis/CW_513_ANALYSIS/9245_hy/private/bootstrapRuntime.m","private配置和辅助","function bootstrapRuntime()","按分类使用；不是独立测量入口","","0481507a95a544a1c227c0b7d63978d0955b449953c4c514a3c2032bb167c7ba","按本次实施报告逐项核对；清单不等于方法已验证"
"9726_hy/dac_isolation_analysis.m","F:/01_Laser/code/matlab/513DIANXING_analysis/CW_analysis/CW_513_ANALYSIS/9726_hy/dac_isolation_analysis.m","正式单项入口","function result = dac_isolation_analysis(dataFolder, pairManifest, outputFolder, configOverride)","DAC同频隔离度及矩阵","converter.dac.runIsolation; converter.io.prepareDacIsolation","86d4624d6213387e9f3a06c89e995e35ce769e08e2411129004f96bbf6cd285a","按本次实施报告逐项核对；清单不等于方法已验证"
"9726_hy/dac_noise_analysis.m","F:/01_Laser/code/matlab/513DIANXING_analysis/CW_analysis/CW_513_ANALYSIS/9726_hy/dac_noise_analysis.m","正式单项入口","function result = dac_noise_analysis(dataFolder, selectedFiles, outputFolder, configOverride)","DAC输出PSD/ASD，按配置启用积分","converter.dac.runNoise; converter.io.prepareDacInputs","42b72e1d780a4078f1c66cd23083871af192238e7da36a3e1bd9c5f37ca8517e","按本次实施报告逐项核对；清单不等于方法已验证"
"9726_hy/dac_scale_analysis.m","F:/01_Laser/code/matlab/513DIANXING_analysis/CW_analysis/CW_513_ANALYSIS/9726_hy/dac_scale_analysis.m","正式单项入口","function result = dac_scale_analysis(dataFolder, selectedFiles, outputFolder, configOverride)","DAC正弦输出Vpp和码值刻度","converter.dac.runScale; converter.io.prepareDacInputs","ec49ecc67eab9e9ec32c1af702b340bd79220babf62d1b790e1eb7b807842abc","按本次实施报告逐项核对；清单不等于方法已验证"
"9726_hy/private/bootstrapRuntime.m","F:/01_Laser/code/matlab/513DIANXING_analysis/CW_analysis/CW_513_ANALYSIS/9726_hy/private/bootstrapRuntime.m","private配置和辅助","function bootstrapRuntime()","按分类使用；不是独立测量入口","","af3931e7f67589898bea49542e5ee8e7c71873737a3cf953f714ca81bfa1a829","按本次实施报告逐项核对；清单不等于方法已验证"
"9726_hy/private/da9726Config.m","F:/01_Laser/code/matlab/513DIANXING_analysis/CW_analysis/CW_513_ANALYSIS/9726_hy/private/da9726Config.m","private配置和辅助","function config = da9726Config(analysisId)","按分类使用；不是独立测量入口","converter.calibration.reportCalibration","6124e4982a20f6a916f39cd9da4a04761511b42997849ed944b07a23c7b356d7","按本次实施报告逐项核对；清单不等于方法已验证"
"9726_hy/private/normalizeDa9726Input.m","F:/01_Laser/code/matlab/513DIANXING_analysis/CW_analysis/CW_513_ANALYSIS/9726_hy/private/normalizeDa9726Input.m","private配置和辅助","function [dataFolder, selectedFiles] = normalizeDa9726Input(dataFolder, selectedFiles)","按分类使用；不是独立测量入口","","fae2153db47474ca5119b04ed1092ee814384e796344fe3eca964b40bb3a29fd","按本次实施报告逐项核对；清单不等于方法已验证"
"9726_hy/private/resolveDa9726DataFolder.m","F:/01_Laser/code/matlab/513DIANXING_analysis/CW_analysis/CW_513_ANALYSIS/9726_hy/private/resolveDa9726DataFolder.m","private配置和辅助","function folder = resolveDa9726DataFolder(analysisId)","按分类使用；不是独立测量入口","","d9194b0e88b78af2796cea4203df2d296086ad9244fef43464152dd431c12bad","按本次实施报告逐项核对；清单不等于方法已验证"
"9726_hy/split_dac_isolation_channels.m","F:/01_Laser/code/matlab/513DIANXING_analysis/CW_analysis/CW_513_ANALYSIS/9726_hy/split_dac_isolation_channels.m","器件辅助工具或历史调度","function result = split_dac_isolation_channels(dataFolder, selectedFiles, outputFolder, options)","按分类使用；不是独立测量入口","converter.io.resolveInputPath; converter.io.selectMatFiles; converter.report.writeTable; converter.runtime.sha256File","735bca48517eb69ef020751d8b2405d3837d482e6c20a7859a79eeedf9e3f9b3","按本次实施报告逐项核对；清单不等于方法已验证"
"_shared/+converter/+adc/analyzeDynamicMetrics.m","F:/01_Laser/code/matlab/513DIANXING_analysis/CW_analysis/CW_513_ANALYSIS/_shared/+converter/+adc/analyzeDynamicMetrics.m","公共内核_IO_输出_运行时","function metrics = analyzeDynamicMetrics(adcCode, config)","按分类使用；不是独立测量入口","converter.adc.findAccuratePeak; converter.adc.fitSine; converter.runtime.validateConfig","3b1294c87f663b0879104c2d60cc1435c03511d882ebc67aa333d3394b1a0fec","按本次实施报告逐项核对；清单不等于方法已验证"
"_shared/+converter/+adc/calculateBandwidth.m","F:/01_Laser/code/matlab/513DIANXING_analysis/CW_analysis/CW_513_ANALYSIS/_shared/+converter/+adc/calculateBandwidth.m","公共内核_IO_输出_运行时","function [results, details] = calculateBandwidth(adcCodeList, fileNames, fileFrequencyHz, config)","按分类使用；不是独立测量入口","converter.adc.analyzeDynamicMetrics; converter.adc.estimateFrequency; converter.adc.findThreeDbCrossing; converter.adc.refineSineFrequency; converter.runtime.validateConfig","afa09f9a1bf7b41cddae7b845b93778d7245e43802715000e7713af0a9bdcc73","按本次实施报告逐项核对；清单不等于方法已验证"
"_shared/+converter/+adc/calculateInlDnl.m","F:/01_Laser/code/matlab/513DIANXING_analysis/CW_analysis/CW_513_ANALYSIS/_shared/+converter/+adc/calculateInlDnl.m","公共内核_IO_输出_运行时","function [results, details] = calculateInlDnl(adcCodeList, fileNames, channelName, config)","按分类使用；不是独立测量入口","converter.adc.estimateFrequency; converter.adc.fitSine; converter.adc.refineSineFrequency; converter.runtime.validateConfig","d4689d726720dbf737aa7f71a65f218c036b2a14441465c61d6475e9be0f1501","按本次实施报告逐项核对；清单不等于方法已验证"
"_shared/+converter/+adc/calculateIsolation.m","F:/01_Laser/code/matlab/513DIANXING_analysis/CW_analysis/CW_513_ANALYSIS/_shared/+converter/+adc/calculateIsolation.m","公共内核_IO_输出_运行时","function [results, details] = calculateIsolation(adcCodeList, channelNames, drivenChannel, config)","按分类使用；不是独立测量入口","converter.adc.analyzeDynamicMetrics; converter.adc.estimateFrequency; converter.adc.refineSineFrequency; converter.runtime.validateConfig","cd064506fc9f1da7b74aadd7a8e8fa5f4fa78512ccb4492c040c131c2f05a7fc","按本次实施报告逐项核对；清单不等于方法已验证"
"_shared/+converter/+adc/calculatePowerScale.m","F:/01_Laser/code/matlab/513DIANXING_analysis/CW_analysis/CW_513_ANALYSIS/_shared/+converter/+adc/calculatePowerScale.m","公共内核_IO_输出_运行时","function [results, details] = calculatePowerScale(adcCodeList, fileNames, inputPowerDbm, channelNames, config, setpointInfo)","按分类使用；不是独立测量入口","converter.adc.analyzeDynamicMetrics; converter.adc.dbmToVpp; converter.adc.estimateCriticalInput; converter.adc.estimateFrequency; converter.adc.refineSineFrequency; converter.runtime.validateConfig","873e938e1e2a720d058c6a07e414dbd57b61b536ef886062cb5205ff07e87b19","按本次实施报告逐项核对；清单不等于方法已验证"
"_shared/+converter/+adc/dbmToVpp.m","F:/01_Laser/code/matlab/513DIANXING_analysis/CW_analysis/CW_513_ANALYSIS/_shared/+converter/+adc/dbmToVpp.m","公共内核_IO_输出_运行时","function vpp = dbmToVpp(inputPowerDbm, referenceImpedanceOhm)","按分类使用；不是独立测量入口","","05ceee582d19593570b2bd82acb635fd8ec5caf15d94542ccb3f3cb3d4323f15","按本次实施报告逐项核对；清单不等于方法已验证"
"_shared/+converter/+adc/estimateCriticalInput.m","F:/01_Laser/code/matlab/513DIANXING_analysis/CW_analysis/CW_513_ANALYSIS/_shared/+converter/+adc/estimateCriticalInput.m","公共内核_IO_输出_运行时","function estimate = estimateCriticalInput(results, calibrationCoefficient, config, referenceImpedanceOhm)","按分类使用；不是独立测量入口","converter.adc.vppToDbm","212680407e5dd2527ae3aa4e7197de54ecf3789355132d1c6e5ab4dc49dbabbb","按本次实施报告逐项核对；清单不等于方法已验证"
"_shared/+converter/+adc/estimateFrequency.m","F:/01_Laser/code/matlab/513DIANXING_analysis/CW_analysis/CW_513_ANALYSIS/_shared/+converter/+adc/estimateFrequency.m","公共内核_IO_输出_运行时","function [frequencyHz, peakLevelDb] = estimateFrequency(adcCode, sampleRate)","按分类使用；不是独立测量入口","converter.adc.findAccuratePeak","dd83ba1f126a0c822ef0fc5f687526fa448e2ebee3e9f16f27f8dcb819545160","按本次实施报告逐项核对；清单不等于方法已验证"
"_shared/+converter/+adc/findAccuratePeak.m","F:/01_Laser/code/matlab/513DIANXING_analysis/CW_analysis/CW_513_ANALYSIS/_shared/+converter/+adc/findAccuratePeak.m","公共内核_IO_输出_运行时","function [peak, peakIndex] = findAccuratePeak(data, lowIndex, highIndex)","按分类使用；不是独立测量入口","","4007637ca931749216196faff45e4ba6d023f5365d4c2f2bfa309b027d4f1fe9","按本次实施报告逐项核对；清单不等于方法已验证"
"_shared/+converter/+adc/findThreeDbCrossing.m","F:/01_Laser/code/matlab/513DIANXING_analysis/CW_analysis/CW_513_ANALYSIS/_shared/+converter/+adc/findThreeDbCrossing.m","公共内核_IO_输出_运行时","function bandwidthHz = findThreeDbCrossing(frequencyHz, relativeDb)","按分类使用；不是独立测量入口","","4749e52de87131931b74843b7d19f6dc5a9a5d45f13034720b1693de50d76ba5","按本次实施报告逐项核对；清单不等于方法已验证"
"_shared/+converter/+adc/fitSine.m","F:/01_Laser/code/matlab/513DIANXING_analysis/CW_analysis/CW_513_ANALYSIS/_shared/+converter/+adc/fitSine.m","公共内核_IO_输出_运行时","function fit = fitSine(adcCode, frequencyHz, sampleRate, fitSampleCount)","按分类使用；不是独立测量入口","","2d1ace333dc161e0bd341655e2dcb28eb54542c4b794809418a4368333041b75","按本次实施报告逐项核对；清单不等于方法已验证"
"_shared/+converter/+adc/refineSineFrequency.m","F:/01_Laser/code/matlab/513DIANXING_analysis/CW_analysis/CW_513_ANALYSIS/_shared/+converter/+adc/refineSineFrequency.m","公共内核_IO_输出_运行时","function frequencyHz = refineSineFrequency(adcCode, initialFrequencyHz, sampleRate, fitCycles, minimumFitSamples)","按分类使用；不是独立测量入口","","b658818efa42c64771accc8422d89d3453be276ecc88e53c6302c68a03568f83","按本次实施报告逐项核对；清单不等于方法已验证"
"_shared/+converter/+adc/runBandwidth.m","F:/01_Laser/code/matlab/513DIANXING_analysis/CW_analysis/CW_513_ANALYSIS/_shared/+converter/+adc/runBandwidth.m","公共内核_IO_输出_运行时","function results = runBandwidth(config, dataFolder, selectedFileNames, outputFolder)","按分类使用；不是独立测量入口","converter.adc.calculateBandwidth; converter.io.parseFrequencyHz; converter.io.readAdcCsv; converter.io.resolveInputPath; converter.io.selectCsvFiles; converter.report.plotBandwidth; converter.report.writeTable; converter.runtime.createRun; converter.runtime.finishRun; converter.runtime.recordInputDecoding","cbffcff0b12dcc4c086cce041c29d67a0397e1929657f27140782254f456b980","按本次实施报告逐项核对；清单不等于方法已验证"
"_shared/+converter/+adc/runInlDnl.m","F:/01_Laser/code/matlab/513DIANXING_analysis/CW_analysis/CW_513_ANALYSIS/_shared/+converter/+adc/runInlDnl.m","公共内核_IO_输出_运行时","function results = runInlDnl(config, dataFolder, selectedFileNames, outputFolder)","按分类使用；不是独立测量入口","converter.adc.calculateInlDnl; converter.io.readAdcCsv; converter.io.resolveAdcChannels; converter.io.resolveInputPath; converter.io.selectCsvFiles; converter.report.plotInlDnl; converter.report.writeTable; converter.runtime.createRun; converter.runtime.finishRun; converter.runtime.recordInputDecoding","47b6bfcb179c797729fe5378e4ef5ba67bc4e75aab45e6788506e4b89a972244","按本次实施报告逐项核对；清单不等于方法已验证"
"_shared/+converter/+adc/runInputNoise.m","F:/01_Laser/code/matlab/513DIANXING_analysis/CW_analysis/CW_513_ANALYSIS/_shared/+converter/+adc/runInputNoise.m","公共内核_IO_输出_运行时","function results = runInputNoise(config, dataFolder, selectedFiles, outputFolder, calibration)","按分类使用；不是独立测量入口","converter.io.readAdcCsv; converter.io.resolveAdcChannels; converter.report.plotSpectrum; converter.report.saveFigure; converter.report.writeTable; converter.runtime.createRun; converter.runtime.finishRun; converter.runtime.recordInputDecoding; converter.runtime.sha256File; converter.runtime.validateConfig","e7494f58fc37ac8de16e69b75e5ea2952b9964bde5d02ea60425b20712a76281","按本次实施报告逐项核对；清单不等于方法已验证"
"_shared/+converter/+adc/runIsolation.m","F:/01_Laser/code/matlab/513DIANXING_analysis/CW_analysis/CW_513_ANALYSIS/_shared/+converter/+adc/runIsolation.m","公共内核_IO_输出_运行时","function results = runIsolation(config, dataFolder, selectedFileNames, outputFolder)","按分类使用；不是独立测量入口","converter.adc.calculateIsolation; converter.io.readAdcCsv; converter.io.resolveAdcChannels; converter.io.resolveInputPath; converter.io.selectCsvFiles; converter.report.plotIsolation; converter.report.writeTable; converter.runtime.createRun; converter.runtime.finishRun; converter.runtime.recordInputDecoding","647468b8b334f7f09cb437dcfa1ee33f1d59d3f9c32cbbd4e61574c89476188a","按本次实施报告逐项核对；清单不等于方法已验证"
"_shared/+converter/+adc/runPowerScale.m","F:/01_Laser/code/matlab/513DIANXING_analysis/CW_analysis/CW_513_ANALYSIS/_shared/+converter/+adc/runPowerScale.m","公共内核_IO_输出_运行时","function results = runPowerScale(config, dataFolder, selectedFileNames, outputFolder, runOptions)","按分类使用；不是独立测量入口","converter.adc.calculatePowerScale; converter.adc.dbmToVpp; converter.adc.vppToDbm; converter.io.detectChannel; converter.io.parsePowerDbm; converter.io.parseVoltageVpp; converter.io.readAdcCsv; converter.io.resolveInputPath; converter.io.selectCsvFiles; converter.report.plotPowerScale; converter.report.writeTable; converter.runtime.createRun; converter.runtime.finishRun; converter.runtime.recordInputDecoding","1f059cb98c48d66d9f5f08481fa0164a36cc82d7529f3293d4a4df501440e167","按本次实施报告逐项核对；清单不等于方法已验证"
"_shared/+converter/+adc/runSfdr.m","F:/01_Laser/code/matlab/513DIANXING_analysis/CW_analysis/CW_513_ANALYSIS/_shared/+converter/+adc/runSfdr.m","公共内核_IO_输出_运行时","function results = runSfdr(config, dataFolder, selectedFileNames, outputFolder)","按分类使用；不是独立测量入口","converter.adc.analyzeDynamicMetrics; converter.io.readAdcCsv; converter.io.resolveInputPath; converter.io.selectCsvFiles; converter.report.plotSfdrSpectrum; converter.report.plotSfdrSummary; converter.report.writeTable; converter.runtime.createRun; converter.runtime.finishRun; converter.runtime.recordInputDecoding","0b5fa397e4a68990b60f75feb02704c5076d115daccb2424e234a344fc5bf438","按本次实施报告逐项核对；清单不等于方法已验证"
"_shared/+converter/+adc/vppToDbm.m","F:/01_Laser/code/matlab/513DIANXING_analysis/CW_analysis/CW_513_ANALYSIS/_shared/+converter/+adc/vppToDbm.m","公共内核_IO_输出_运行时","function inputPowerDbm = vppToDbm(vpp, referenceImpedanceOhm)","按分类使用；不是独立测量入口","","6b0d1c681b8d8f3569f91135423de1ec49dd08578b367609af9dae1e729819b0","按本次实施报告逐项核对；清单不等于方法已验证"
"_shared/+converter/+calibration/loadAdcCalibration.m","F:/01_Laser/code/matlab/513DIANXING_analysis/CW_analysis/CW_513_ANALYSIS/_shared/+converter/+calibration/loadAdcCalibration.m","公共内核_IO_输出_运行时","function [rows, sourceType] = loadAdcCalibration(sourcePath)","按分类使用；不是独立测量入口","converter.calibration.reportCalibration","f85d17102113f601fb76ee2edd78e01ae5d10341739d1e07e7d74988b63c9d0e","按本次实施报告逐项核对；清单不等于方法已验证"
"_shared/+converter/+calibration/reportCalibration.m","F:/01_Laser/code/matlab/513DIANXING_analysis/CW_analysis/CW_513_ANALYSIS/_shared/+converter/+calibration/reportCalibration.m","公共内核_IO_输出_运行时","function rows = reportCalibration(device)","按分类使用；不是独立测量入口","","e56edf9f428ae6cc31ef83c5fef906b5c857c08ae27624dbdc1dfd330cc5da7c","按本次实施报告逐项核对；清单不等于方法已验证"
"_shared/+converter/+dac/estimateToneFrequency.m","F:/01_Laser/code/matlab/513DIANXING_analysis/CW_analysis/CW_513_ANALYSIS/_shared/+converter/+dac/estimateToneFrequency.m","公共内核_IO_输出_运行时","function estimate = estimateToneFrequency(voltage, sampleRateHz, nominalFrequencyHz, searchFraction)","按分类使用；不是独立测量入口","converter.dac.fitTone","88363a18b86d60edcc944a366bda623096965cd1b4cb4194f9040afc9c2c9810","按本次实施报告逐项核对；清单不等于方法已验证"
"_shared/+converter/+dac/fitTone.m","F:/01_Laser/code/matlab/513DIANXING_analysis/CW_analysis/CW_513_ANALYSIS/_shared/+converter/+dac/fitTone.m","公共内核_IO_输出_运行时","function fit = fitTone(voltage, sampleRateHz, toneFrequencyHz)","按分类使用；不是独立测量入口","","a3293a5b6e74419f0a9250968701a2c563464612a365124d4f7f351459253913","按本次实施报告逐项核对；清单不等于方法已验证"
"_shared/+converter/+dac/loadPicoMat.m","F:/01_Laser/code/matlab/513DIANXING_analysis/CW_analysis/CW_513_ANALYSIS/_shared/+converter/+dac/loadPicoMat.m","公共内核_IO_输出_运行时","function capture = loadPicoMat(varargin)","按分类使用；不是独立测量入口","converter.io.loadPicoMat","97303026b14f55df71c14b8ebeaf05258216f693fb265363e45f92b92fa8a410","按本次实施报告逐项核对；清单不等于方法已验证"
"_shared/+converter/+dac/runIsolation.m","F:/01_Laser/code/matlab/513DIANXING_analysis/CW_analysis/CW_513_ANALYSIS/_shared/+converter/+dac/runIsolation.m","公共内核_IO_输出_运行时","function result = runIsolation(config)","按分类使用；不是独立测量入口","converter.dac.fitTone; converter.io.loadPicoMat; converter.io.resolveInputPath; converter.report.saveFigure; converter.report.writeTable; converter.runtime.createRun; converter.runtime.finishRun; converter.runtime.refreshResultPaths; converter.runtime.sha256File; converter.runtime.validateConfig; converter.runtime.valueToText","f2eefdaa28682c4155d6e93d4972e82719cc0598223db3e0176a086e59a2f478","按本次实施报告逐项核对；清单不等于方法已验证"
"_shared/+converter/+dac/runNoise.m","F:/01_Laser/code/matlab/513DIANXING_analysis/CW_analysis/CW_513_ANALYSIS/_shared/+converter/+dac/runNoise.m","公共内核_IO_输出_运行时","function result = runNoise(config)","按分类使用；不是独立测量入口","converter.io.loadPicoMat; converter.io.resolveInputPath; converter.report.plotSpectrum; converter.report.writeTable; converter.runtime.createRun; converter.runtime.finishRun; converter.runtime.refreshResultPaths; converter.runtime.sha256File; converter.runtime.validateConfig; converter.runtime.valueToText","4a8b9de75fc5ebebedcf10be3e3de6a93a4bd6eab6c114bafd78d901dab362bb","按本次实施报告逐项核对；清单不等于方法已验证"
"_shared/+converter/+dac/runScale.m","F:/01_Laser/code/matlab/513DIANXING_analysis/CW_analysis/CW_513_ANALYSIS/_shared/+converter/+dac/runScale.m","公共内核_IO_输出_运行时","function result = runScale(config)","按分类使用；不是独立测量入口","converter.dac.fitTone; converter.io.loadPicoMat; converter.io.resolveInputPath; converter.report.saveFigure; converter.report.writeTable; converter.runtime.createRun; converter.runtime.finishRun; converter.runtime.refreshResultPaths; converter.runtime.sha256File; converter.runtime.validateConfig; converter.runtime.valueToText","260d0129ee1cea7a819459a4fdcb8eba352d64f0aaecb1e03dcb6cbb51295337","按本次实施报告逐项核对；清单不等于方法已验证"
"_shared/+converter/+io/detectChannel.m","F:/01_Laser/code/matlab/513DIANXING_analysis/CW_analysis/CW_513_ANALYSIS/_shared/+converter/+io/detectChannel.m","公共内核_IO_输出_运行时","function channelName = detectChannel(filePath, fileName, dataFolder, config)","按分类使用；不是独立测量入口","converter.io.extractChannel","fe9e0907004e5947ef6af18e6d5114e8255fecc4043087b180bb815e14b55d45","按本次实施报告逐项核对；清单不等于方法已验证"
"_shared/+converter/+io/extractChannel.m","F:/01_Laser/code/matlab/513DIANXING_analysis/CW_analysis/CW_513_ANALYSIS/_shared/+converter/+io/extractChannel.m","公共内核_IO_输出_运行时","function channelName = extractChannel(textValue, config)","按分类使用；不是独立测量入口","","65af07cfd1807f7f918b0e8bc3cd34c9a1afcbe39513fceba75689754508cf69","按本次实施报告逐项核对；清单不等于方法已验证"
"_shared/+converter/+io/loadPicoMat.m","F:/01_Laser/code/matlab/513DIANXING_analysis/CW_analysis/CW_513_ANALYSIS/_shared/+converter/+io/loadPicoMat.m","公共内核_IO_输出_运行时","function capture = loadPicoMat(filePath, requestedVariable, hardwareGain, removeMean)","按分类使用；不是独立测量入口","","812de4b8e9adee0fa3a75d67731dd151da9e482de5a44271092f03650bffe9c3","按本次实施报告逐项核对；清单不等于方法已验证"
"_shared/+converter/+io/parseDrivenChannel.m","F:/01_Laser/code/matlab/513DIANXING_analysis/CW_analysis/CW_513_ANALYSIS/_shared/+converter/+io/parseDrivenChannel.m","公共内核_IO_输出_运行时","function channelName = parseDrivenChannel(textValue)","按分类使用；不是独立测量入口","","14a488ee2386012d612c7ad2bf9d77055c9730e6b0127604c0db7d75c87d9026","按本次实施报告逐项核对；清单不等于方法已验证"
"_shared/+converter/+io/parseFrequencyHz.m","F:/01_Laser/code/matlab/513DIANXING_analysis/CW_analysis/CW_513_ANALYSIS/_shared/+converter/+io/parseFrequencyHz.m","公共内核_IO_输出_运行时","function frequencyHz = parseFrequencyHz(fileName)","按分类使用；不是独立测量入口","","2cf0b63edce68056cd9eb4df7625c623fea05fcee641eb19d2001c82ed53639b","按本次实施报告逐项核对；清单不等于方法已验证"
"_shared/+converter/+io/parsePowerDbm.m","F:/01_Laser/code/matlab/513DIANXING_analysis/CW_analysis/CW_513_ANALYSIS/_shared/+converter/+io/parsePowerDbm.m","公共内核_IO_输出_运行时","function powerDbm = parsePowerDbm(fileName)","按分类使用；不是独立测量入口","","220dc1e67c715f1db344560a0525e8353cd34b3a35842de3dfaf49dd583975b4","按本次实施报告逐项核对；清单不等于方法已验证"
"_shared/+converter/+io/parseVoltageVpp.m","F:/01_Laser/code/matlab/513DIANXING_analysis/CW_analysis/CW_513_ANALYSIS/_shared/+converter/+io/parseVoltageVpp.m","公共内核_IO_输出_运行时","function voltageVpp = parseVoltageVpp(fileName)","按分类使用；不是独立测量入口","","8a0a778a9cc5ffbfd7bcf60bd8ebc6c03050fb395614dd3b10e18069c4495473","按本次实施报告逐项核对；清单不等于方法已验证"
"_shared/+converter/+io/prepareAdcRadix.m","F:/01_Laser/code/matlab/513DIANXING_analysis/CW_analysis/CW_513_ANALYSIS/_shared/+converter/+io/prepareAdcRadix.m","公共内核_IO_输出_运行时","function [config,files,dataFolder,cancelled] = prepareAdcRadix(config,dataFolder,files)","按分类使用；不是独立测量入口","converter.io.readAdcCsv; converter.io.resolveInputPath; converter.io.selectCsvFiles","1558bdf5a08a36394e7468907e5f03d72149c63e2ef4e84a18e9e5e5312f9f5d","按本次实施报告逐项核对；清单不等于方法已验证"
"_shared/+converter/+io/prepareDacInputs.m","F:/01_Laser/code/matlab/513DIANXING_analysis/CW_analysis/CW_513_ANALYSIS/_shared/+converter/+io/prepareDacInputs.m","公共内核_IO_输出_运行时","function [config, cancelled] = prepareDacInputs(config, dataFolder, files, outputFolder, overrides, defaultFolder)","按分类使用；不是独立测量入口","converter.io.resolveOutputBase; converter.io.selectMatFiles; converter.runtime.mergeConfig","d516c10656846dddb983f186a3909b611661b445b38c6e49fcc4ac94b2703e6a","按本次实施报告逐项核对；清单不等于方法已验证"
"_shared/+converter/+io/prepareDacIsolation.m","F:/01_Laser/code/matlab/513DIANXING_analysis/CW_analysis/CW_513_ANALYSIS/_shared/+converter/+io/prepareDacIsolation.m","公共内核_IO_输出_运行时","function [config, cancelled] = prepareDacIsolation(config, dataFolder, pairs, outputFolder, overrides, defaultFolder)","按分类使用；不是独立测量入口","converter.dac.estimateToneFrequency; converter.dac.fitTone; converter.io.loadPicoMat; converter.io.resolveInputPath; converter.io.resolveOutputBase; converter.io.selectMatFiles; converter.runtime.mergeConfig","3c5995bbedb9d318b20c726c8600868827da4df6be2a8f3e47830ea586ed1455","按本次实施报告逐项核对；清单不等于方法已验证"
"_shared/+converter/+io/readAdcCsv.m","F:/01_Laser/code/matlab/513DIANXING_analysis/CW_analysis/CW_513_ANALYSIS/_shared/+converter/+io/readAdcCsv.m","公共内核_IO_输出_运行时","function [adcCode, metadata] = readAdcCsv(filePath, config)","按分类使用；不是独立测量入口","converter.io.resolveAdcInputRadix; converter.runtime.validateConfig","3e8292a9bce653d31d7e3ffa3d145bbaabaa61e0e40596404267b1f8b6a72012","按本次实施报告逐项核对；清单不等于方法已验证"
"_shared/+converter/+io/resolveAdcChannels.m","F:/01_Laser/code/matlab/513DIANXING_analysis/CW_analysis/CW_513_ANALYSIS/_shared/+converter/+io/resolveAdcChannels.m","公共内核_IO_输出_运行时","function channels = resolveAdcChannels(config, dataFolder, files, interactive)","按分类使用；不是独立测量入口","converter.io.detectChannel; converter.io.resolveInputPath","412675dc15ffa26745046f7713653b950f0eb9e42528c39ebecc66df78ec634f","按本次实施报告逐项核对；清单不等于方法已验证"
"_shared/+converter/+io/resolveAdcInputRadix.m","F:/01_Laser/code/matlab/513DIANXING_analysis/CW_analysis/CW_513_ANALYSIS/_shared/+converter/+io/resolveAdcInputRadix.m","公共内核_IO_输出_运行时","function [radix,source] = resolveAdcInputRadix(tokens,headers,column,config,filePath)","按分类使用；不是独立测量入口","","65e559ac860d720c060b058943a2d695b5029d66864ae617dc2c446ed6df814c","按本次实施报告逐项核对；清单不等于方法已验证"
"_shared/+converter/+io/resolveInputPath.m","F:/01_Laser/code/matlab/513DIANXING_analysis/CW_analysis/CW_513_ANALYSIS/_shared/+converter/+io/resolveInputPath.m","公共内核_IO_输出_运行时","function filePath = resolveInputPath(dataFolder, fileName)","按分类使用；不是独立测量入口","","024096025fafc06510a580f3c6f9ac893eb60ff03ebb27ce404442056b639604","按本次实施报告逐项核对；清单不等于方法已验证"
"_shared/+converter/+io/resolveOutputBase.m","F:/01_Laser/code/matlab/513DIANXING_analysis/CW_analysis/CW_513_ANALYSIS/_shared/+converter/+io/resolveOutputBase.m","公共内核_IO_输出_运行时","function outputBase = resolveOutputBase(dataFolder, outputFolder)","按分类使用；不是独立测量入口","","55ddca35f65633e6fdf1081afc3d2a21681a1fa2fdcd832c0a8dcccac31908ef","按本次实施报告逐项核对；清单不等于方法已验证"
"_shared/+converter/+io/selectCaptureFiles.m","F:/01_Laser/code/matlab/513DIANXING_analysis/CW_analysis/CW_513_ANALYSIS/_shared/+converter/+io/selectCaptureFiles.m","公共内核_IO_输出_运行时","function [files, dataFolder] = selectCaptureFiles(dataFolder, selectedFiles, extension, titleText)","按分类使用；不是独立测量入口","converter.io.resolveInputPath","fd101204798ccd807754be6a76265958cba3234afa36733e60bc26cfb2a19683","按本次实施报告逐项核对；清单不等于方法已验证"
"_shared/+converter/+io/selectCsvFiles.m","F:/01_Laser/code/matlab/513DIANXING_analysis/CW_analysis/CW_513_ANALYSIS/_shared/+converter/+io/selectCsvFiles.m","公共内核_IO_输出_运行时","function [fileNames, dataFolder] = selectCsvFiles(dataFolder, selectedFileNames, dialogTitle)","按分类使用；不是独立测量入口","converter.io.selectCaptureFiles","087e3ba1753cbd84c88eb91970e92c373fd763ce1801b8a7201c93752579c4c5","按本次实施报告逐项核对；清单不等于方法已验证"
"_shared/+converter/+io/selectMatFiles.m","F:/01_Laser/code/matlab/513DIANXING_analysis/CW_analysis/CW_513_ANALYSIS/_shared/+converter/+io/selectMatFiles.m","公共内核_IO_输出_运行时","function [fileNames, dataFolder] = selectMatFiles(dataFolder, selectedFileNames, dialogTitle)","按分类使用；不是独立测量入口","converter.io.selectCaptureFiles","52ee45d9b18b13f1ea014ce065b7ccb9838c689827f696146cc32a11595d8898","按本次实施报告逐项核对；清单不等于方法已验证"
"_shared/+converter/+report/buildSummarySheets.m","F:/01_Laser/code/matlab/513DIANXING_analysis/CW_analysis/CW_513_ANALYSIS/_shared/+converter/+report/buildSummarySheets.m","公共内核_IO_输出_运行时","function sheets = buildSummarySheets(folder, config)","按分类使用；不是独立测量入口","","5862fe2471d4684b05790ea5f80aae3f4da2ecfdad3ef09f4e4da31281fe85a8","按本次实施报告逐项核对；清单不等于方法已验证"
"_shared/+converter/+report/plotBandwidth.m","F:/01_Laser/code/matlab/513DIANXING_analysis/CW_analysis/CW_513_ANALYSIS/_shared/+converter/+report/plotBandwidth.m","公共内核_IO_输出_运行时","function plotBandwidth(results, bandwidthHz, outputFolder, config)","按分类使用；不是独立测量入口","converter.report.saveFigure","4efcdcf452b3adb34ea075f40828bef4a5b72c6f24d0e9df368c8541b7946f99","按本次实施报告逐项核对；清单不等于方法已验证"
"_shared/+converter/+report/plotInlDnl.m","F:/01_Laser/code/matlab/513DIANXING_analysis/CW_analysis/CW_513_ANALYSIS/_shared/+converter/+report/plotInlDnl.m","公共内核_IO_输出_运行时","function plotInlDnl(details, outputFolder, config)","按分类使用；不是独立测量入口","converter.report.saveFigure","0fea1ad8301941b5109c4594ef98f2b792587307489703703c36f9be8e90511a","按本次实施报告逐项核对；清单不等于方法已验证"
"_shared/+converter/+report/plotIsolation.m","F:/01_Laser/code/matlab/513DIANXING_analysis/CW_analysis/CW_513_ANALYSIS/_shared/+converter/+report/plotIsolation.m","公共内核_IO_输出_运行时","function plotIsolation(results, drivenChannel, frequencyHz, outputFolder, config)","按分类使用；不是独立测量入口","converter.report.saveFigure","c31391f825191c7e9e69b9e6d59fc1b61c06788dc48c7e61cda02f483d94fac1","按本次实施报告逐项核对；清单不等于方法已验证"
"_shared/+converter/+report/plotPowerScale.m","F:/01_Laser/code/matlab/513DIANXING_analysis/CW_analysis/CW_513_ANALYSIS/_shared/+converter/+report/plotPowerScale.m","公共内核_IO_输出_运行时","function plotPowerScale(results, details, outputFolder, config)","按分类使用；不是独立测量入口","converter.report.saveFigure","f289a41369dae0a4afc04b7e781df51408d84c96654f4cc5dce0e08372840d71","按本次实施报告逐项核对；清单不等于方法已验证"
"_shared/+converter/+report/plotSfdrSpectrum.m","F:/01_Laser/code/matlab/513DIANXING_analysis/CW_analysis/CW_513_ANALYSIS/_shared/+converter/+report/plotSfdrSpectrum.m","公共内核_IO_输出_运行时","function plotSfdrSpectrum(metrics, fileName, outputFolder, config)","按分类使用；不是独立测量入口","converter.report.saveFigure","ad3f5f483a9d17f502307ba7de2593545ea053de01eca6592cc6fbc47e49b711","按本次实施报告逐项核对；清单不等于方法已验证"
"_shared/+converter/+report/plotSfdrSummary.m","F:/01_Laser/code/matlab/513DIANXING_analysis/CW_analysis/CW_513_ANALYSIS/_shared/+converter/+report/plotSfdrSummary.m","公共内核_IO_输出_运行时","function plotSfdrSummary(results, outputFolder, config)","按分类使用；不是独立测量入口","converter.report.saveFigure","4e368f0ee45cfa0781f12d6411ecf0952a1dc47fec1bd1f6fc589c132337d798","按本次实施报告逐项核对；清单不等于方法已验证"
"_shared/+converter/+report/plotSpectrum.m","F:/01_Laser/code/matlab/513DIANXING_analysis/CW_analysis/CW_513_ANALYSIS/_shared/+converter/+report/plotSpectrum.m","公共内核_IO_输出_运行时","function plotFile = plotSpectrum(frequencyHz, values, outputStem, config)","按分类使用；不是独立测量入口","converter.report.saveFigure","6ff97fb8056836666f9eb5eb36cc4b4ec4c62ecba67a37af7364974baeec3850","按本次实施报告逐项核对；清单不等于方法已验证"
"_shared/+converter/+report/saveFigure.m","F:/01_Laser/code/matlab/513DIANXING_analysis/CW_analysis/CW_513_ANALYSIS/_shared/+converter/+report/saveFigure.m","公共内核_IO_输出_运行时","function saveFigure(figureHandle, outputStem, resolutionDpi)","按分类使用；不是独立测量入口","","69066848ad6d56122dfa3f925c8a62e5d56e00b41aeb1af9fe4ce756acc95a2f","按本次实施报告逐项核对；清单不等于方法已验证"
"_shared/+converter/+report/writeSummaryXlsx.m","F:/01_Laser/code/matlab/513DIANXING_analysis/CW_analysis/CW_513_ANALYSIS/_shared/+converter/+report/writeSummaryXlsx.m","公共内核_IO_输出_运行时","function writeSummaryXlsx(filePath, sheets)","按分类使用；不是独立测量入口","","8c461ba60c2e8d7b2af496f4aa02cec10825c4d95a5c5ccbdb7305d4f4b372cb","按本次实施报告逐项核对；清单不等于方法已验证"
"_shared/+converter/+report/writeTable.m","F:/01_Laser/code/matlab/513DIANXING_analysis/CW_analysis/CW_513_ANALYSIS/_shared/+converter/+report/writeTable.m","公共内核_IO_输出_运行时","function writeTable(dataTable, filePath)","按分类使用；不是独立测量入口","","ed3d316de167c83fd10fcc2b719ac7f43b32c2c5a5bbf6cf18c6293936f5ce7d","按本次实施报告逐项核对；清单不等于方法已验证"
"_shared/+converter/+runtime/applyRunOptions.m","F:/01_Laser/code/matlab/513DIANXING_analysis/CW_analysis/CW_513_ANALYSIS/_shared/+converter/+runtime/applyRunOptions.m","公共内核_IO_输出_运行时","function [config, options] = applyRunOptions(config, options)","按分类使用；不是独立测量入口","converter.runtime.mergeConfig","43599035ab411b33fff6d752b30698c74660fbd11dccf30267da38f473ee4614","按本次实施报告逐项核对；清单不等于方法已验证"
"_shared/+converter/+runtime/auditRun.m","F:/01_Laser/code/matlab/513DIANXING_analysis/CW_analysis/CW_513_ANALYSIS/_shared/+converter/+runtime/auditRun.m","公共内核_IO_输出_运行时","function audit = auditRun(runFolder, expectedInputCount)","按分类使用；不是独立测量入口","converter.io.resolveInputPath; converter.runtime.sha256File","abf14dcb6fdb6b794a68d7fbd5bb8e9eb5801a75b1f4cf62682933978d9f4307","按本次实施报告逐项核对；清单不等于方法已验证"
"_shared/+converter/+runtime/createRun.m","F:/01_Laser/code/matlab/513DIANXING_analysis/CW_analysis/CW_513_ANALYSIS/_shared/+converter/+runtime/createRun.m","公共内核_IO_输出_运行时","function runContext = createRun(config, dataFolder, fileNames, outputFolder)","按分类使用；不是独立测量入口","converter.io.resolveOutputBase; converter.runtime.getGitRevision; converter.runtime.validateConfig; converter.runtime.writeRunManifest; converter.runtime.writeSourceManifest","602a3284f68d2c747ad0dfe158d1d73e19b4106bd1b1de6e3a143f57c5b3bb38","按本次实施报告逐项核对；清单不等于方法已验证"
"_shared/+converter/+runtime/evidencePath.m","F:/01_Laser/code/matlab/513DIANXING_analysis/CW_analysis/CW_513_ANALYSIS/_shared/+converter/+runtime/evidencePath.m","公共内核_IO_输出_运行时","function filePath = evidencePath(runFolder, fileName)","按分类使用；不是独立测量入口","","d70a800ea8a9c02943e0a6853518f83e420d887dabb76befa359cf06a7a56d34","按本次实施报告逐项核对；清单不等于方法已验证"
"_shared/+converter/+runtime/finalizeBundle.m","F:/01_Laser/code/matlab/513DIANXING_analysis/CW_analysis/CW_513_ANALYSIS/_shared/+converter/+runtime/finalizeBundle.m","公共内核_IO_输出_运行时","function finalizeBundle(runFolder, config)","按分类使用；不是独立测量入口","converter.report.buildSummarySheets; converter.report.writeSummaryXlsx; converter.report.writeTable; converter.runtime.refreshResultPaths","16b9b498ea861ae61aefcaaa0edeed9bacc055172268707e5547e171b3bff06a","按本次实施报告逐项核对；清单不等于方法已验证"
"_shared/+converter/+runtime/finishRun.m","F:/01_Laser/code/matlab/513DIANXING_analysis/CW_analysis/CW_513_ANALYSIS/_shared/+converter/+runtime/finishRun.m","公共内核_IO_输出_运行时","function finishRun(runContext, succeeded, message)","按分类使用；不是独立测量入口","converter.runtime.finalizeBundle","4e4c6ee26e1955fa523f804df51df178b0b5e87c4606eaf95c01a0398627581b","按本次实施报告逐项核对；清单不等于方法已验证"
"_shared/+converter/+runtime/getGitRevision.m","F:/01_Laser/code/matlab/513DIANXING_analysis/CW_analysis/CW_513_ANALYSIS/_shared/+converter/+runtime/getGitRevision.m","公共内核_IO_输出_运行时","function revision = getGitRevision(startFolder)","按分类使用；不是独立测量入口","","13892463d325a3fd342c2d38613f4c7ed3613d67d876efe763f45fad87ea14b1","按本次实施报告逐项核对；清单不等于方法已验证"
"_shared/+converter/+runtime/mergeConfig.m","F:/01_Laser/code/matlab/513DIANXING_analysis/CW_analysis/CW_513_ANALYSIS/_shared/+converter/+runtime/mergeConfig.m","公共内核_IO_输出_运行时","function config = mergeConfig(config, override)","按分类使用；不是独立测量入口","","af2b54d799c088f5fe2f709ba100bf5d69935d5430230091679f912d086b133c","按本次实施报告逐项核对；清单不等于方法已验证"
"_shared/+converter/+runtime/recordInputDecoding.m","F:/01_Laser/code/matlab/513DIANXING_analysis/CW_analysis/CW_513_ANALYSIS/_shared/+converter/+runtime/recordInputDecoding.m","公共内核_IO_输出_运行时","function recordInputDecoding(runFolder, metadata)","按分类使用；不是独立测量入口","converter.report.writeTable","1a71cfb23711d8b26ff31dd6bc4185f9d7008dfe87ba62f3dc08887b6144d25d","按本次实施报告逐项核对；清单不等于方法已验证"
"_shared/+converter/+runtime/refreshResultPaths.m","F:/01_Laser/code/matlab/513DIANXING_analysis/CW_analysis/CW_513_ANALYSIS/_shared/+converter/+runtime/refreshResultPaths.m","公共内核_IO_输出_运行时","function value = refreshResultPaths(value, runFolder)","按分类使用；不是独立测量入口","converter.runtime.refreshResultPaths","0073a68277b1ff7571f2f20d8dd14cfcf52e20ecc6f104f1e2e80f1d327118f6","按本次实施报告逐项核对；清单不等于方法已验证"
"_shared/+converter/+runtime/sha256File.m","F:/01_Laser/code/matlab/513DIANXING_analysis/CW_analysis/CW_513_ANALYSIS/_shared/+converter/+runtime/sha256File.m","公共内核_IO_输出_运行时","function hashText = sha256File(filePath)","按分类使用；不是独立测量入口","","d73b4e6f29567ebcdf3399ecd2418e232237e78b4de002d57820dc46e4bce746","按本次实施报告逐项核对；清单不等于方法已验证"
"_shared/+converter/+runtime/validateConfig.m","F:/01_Laser/code/matlab/513DIANXING_analysis/CW_analysis/CW_513_ANALYSIS/_shared/+converter/+runtime/validateConfig.m","公共内核_IO_输出_运行时","function validateConfig(config, requiredFields)","按分类使用；不是独立测量入口","","7b869ec05c6c8dbcf494763ce3fc3b22614a7bb7a7f2067550d96166a06490d4","按本次实施报告逐项核对；清单不等于方法已验证"
"_shared/+converter/+runtime/valueToText.m","F:/01_Laser/code/matlab/513DIANXING_analysis/CW_analysis/CW_513_ANALYSIS/_shared/+converter/+runtime/valueToText.m","公共内核_IO_输出_运行时","function textValue = valueToText(value)","按分类使用；不是独立测量入口","converter.runtime.valueToText","0e9735c691ab5f7e1d19dceedcac650cb2be9e2e3b399fc1a787a089800a4c41","按本次实施报告逐项核对；清单不等于方法已验证"
"_shared/+converter/+runtime/writeRunManifest.m","F:/01_Laser/code/matlab/513DIANXING_analysis/CW_analysis/CW_513_ANALYSIS/_shared/+converter/+runtime/writeRunManifest.m","公共内核_IO_输出_运行时","function writeRunManifest(runFolder, dataFolder, fileNames)","按分类使用；不是独立测量入口","converter.io.resolveInputPath; converter.report.writeTable; converter.runtime.sha256File","741b343391f76ec5173e3676f772c48fb3cc4ca6db372445e618bd914bcbbbc5","按本次实施报告逐项核对；清单不等于方法已验证"
"_shared/+converter/+runtime/writeSourceManifest.m","F:/01_Laser/code/matlab/513DIANXING_analysis/CW_analysis/CW_513_ANALYSIS/_shared/+converter/+runtime/writeSourceManifest.m","公共内核_IO_输出_运行时","function writeSourceManifest(runFolder, fileName)","按分类使用；不是独立测量入口","converter.report.writeTable; converter.runtime.sha256File","ab8b9539125388b1cf6d676ebd387877d9db4d9e1ec39677bf2901b1e958f2fd","按本次实施报告逐项核对；清单不等于方法已验证"
"noise_chain_hy/adc_input_equiv_noise_analysis.m","F:/01_Laser/code/matlab/513DIANXING_analysis/CW_analysis/CW_513_ANALYSIS/noise_chain_hy/adc_input_equiv_noise_analysis.m","PICO联合噪声内核","function result = adc_input_equiv_noise_analysis(runConfig)","按分类使用；不是独立测量入口","converter.calibration.loadAdcCalibration; converter.io.loadPicoMat; converter.report.plotSpectrum; converter.report.writeTable; converter.runtime.finalizeBundle; converter.runtime.refreshResultPaths; converter.runtime.sha256File; converter.runtime.writeSourceManifest","ccf958e087c7d242b80cc0779eab26add435669b4599c2111eaed6432d83fa96","按本次实施报告逐项核对；清单不等于方法已验证"
"tests/fixtures/file_selection_ui/cw513TestDialog.m","F:/01_Laser/code/matlab/513DIANXING_analysis/CW_analysis/CW_513_ANALYSIS/tests/fixtures/file_selection_ui/cw513TestDialog.m","测试夹具","function varargout = cw513TestDialog(varargin)","按分类使用；不是独立测量入口","","85a9654b4e86ebd0cca876b80df7f1ccc68c1e620d003311abac25ffaf7182e8","按本次实施报告逐项核对；清单不等于方法已验证"
"tests/fixtures/file_selection_ui/inputdlg.m","F:/01_Laser/code/matlab/513DIANXING_analysis/CW_analysis/CW_513_ANALYSIS/tests/fixtures/file_selection_ui/inputdlg.m","测试夹具","function varargout = inputdlg(varargin)","按分类使用；不是独立测量入口","","e5b759b88f46733c6deb964b0c3bc14abe277c993554d11daa76b7936018ffc0","按本次实施报告逐项核对；清单不等于方法已验证"
"tests/fixtures/file_selection_ui/listdlg.m","F:/01_Laser/code/matlab/513DIANXING_analysis/CW_analysis/CW_513_ANALYSIS/tests/fixtures/file_selection_ui/listdlg.m","测试夹具","function varargout = listdlg(varargin)","按分类使用；不是独立测量入口","","2f9c51912ca333b191fa481df1e9a95b3ac88a542ba87cd5b52fe055d509dc7c","按本次实施报告逐项核对；清单不等于方法已验证"
"tests/fixtures/file_selection_ui/uigetdir.m","F:/01_Laser/code/matlab/513DIANXING_analysis/CW_analysis/CW_513_ANALYSIS/tests/fixtures/file_selection_ui/uigetdir.m","测试夹具","function varargout = uigetdir(varargin)","按分类使用；不是独立测量入口","","eb41a4df2adcba899196bb5ab9ee35d04bb7d68d1f3e2ebb44b17a0428549494","按本次实施报告逐项核对；清单不等于方法已验证"
"tests/fixtures/file_selection_ui/uigetfile.m","F:/01_Laser/code/matlab/513DIANXING_analysis/CW_analysis/CW_513_ANALYSIS/tests/fixtures/file_selection_ui/uigetfile.m","测试夹具","function varargout = uigetfile(varargin)","按分类使用；不是独立测量入口","","96cbf10a1fd0ff705c5bd9e5bd8569712976eb628784e5e26d7960bd73809717","按本次实施报告逐项核对；清单不等于方法已验证"
"tests/integration/ad2208PowerScaleWorkflowTest.m","F:/01_Laser/code/matlab/513DIANXING_analysis/CW_analysis/CW_513_ANALYSIS/tests/integration/ad2208PowerScaleWorkflowTest.m","测试","classdef ad2208PowerScaleWorkflowTest < matlab.unittest.TestCase","按分类使用；不是独立测量入口","converter.adc.dbmToVpp","5f10041398bf247eb3ba988f488027ce018fff220e35cf7a3175a5cb56ebc1ba","按本次实施报告逐项核对；清单不等于方法已验证"
"tests/integration/ad677WorkflowTest.m","F:/01_Laser/code/matlab/513DIANXING_analysis/CW_analysis/CW_513_ANALYSIS/tests/integration/ad677WorkflowTest.m","测试","classdef ad677WorkflowTest < matlab.unittest.TestCase","按分类使用；不是独立测量入口","","d54b6fe6bfd41441613e10f472f3925734bd4d100e8a6037d3dca799483f269e","按本次实施报告逐项核对；清单不等于方法已验证"
"tests/integration/ad9245WorkflowTest.m","F:/01_Laser/code/matlab/513DIANXING_analysis/CW_analysis/CW_513_ANALYSIS/tests/integration/ad9245WorkflowTest.m","测试","classdef ad9245WorkflowTest < matlab.unittest.TestCase","按分类使用；不是独立测量入口","","981868fb0c98edd9a76d1001f60f7cbff0f36aa2c967e71a8b0137f35ed2e32c","按本次实施报告逐项核对；清单不等于方法已验证"
"tests/integration/fileSelectionTest.m","F:/01_Laser/code/matlab/513DIANXING_analysis/CW_analysis/CW_513_ANALYSIS/tests/integration/fileSelectionTest.m","测试","classdef fileSelectionTest < matlab.unittest.TestCase","按分类使用；不是独立测量入口","converter.io.resolveInputPath; converter.io.selectCsvFiles; converter.runtime.evidencePath","f544b35bb58fed2ced72ce80cd09ad7a51454a08d309a42181d10637ba286131","按本次实施报告逐项核对；清单不等于方法已验证"
"tests/integration/portabilityTest.m","F:/01_Laser/code/matlab/513DIANXING_analysis/CW_analysis/CW_513_ANALYSIS/tests/integration/portabilityTest.m","测试","classdef portabilityTest < matlab.unittest.TestCase","按分类使用；不是独立测量入口","","d7487cd5f396215c76e87a1f4856fc29dc1a5b25dd0764e6e85e324127a5a348","按本次实施报告逐项核对；清单不等于方法已验证"
"tests/run_all_tests.m","F:/01_Laser/code/matlab/513DIANXING_analysis/CW_analysis/CW_513_ANALYSIS/tests/run_all_tests.m","测试","function results = run_all_tests()","按分类使用；不是独立测量入口","","9c6ca20887ba7700da18f964960a934bdecd103eb55ed33357b556f4f0bf17e3","按本次实施报告逐项核对；清单不等于方法已验证"
"tests/run_golden_regression.m","F:/01_Laser/code/matlab/513DIANXING_analysis/CW_analysis/CW_513_ANALYSIS/tests/run_golden_regression.m","测试","function report = run_golden_regression(dataRoot)","按分类使用；不是独立测量入口","converter.runtime.evidencePath","a2bf99704ebca55e1a12d6fa1ab27374b4210dffc4bfbf752efe03c74bdd58c4","按本次实施报告逐项核对；清单不等于方法已验证"
"tests/run_portability_smoke.m","F:/01_Laser/code/matlab/513DIANXING_analysis/CW_analysis/CW_513_ANALYSIS/tests/run_portability_smoke.m","测试","function report = run_portability_smoke()","按分类使用；不是独立测量入口","converter.runtime.evidencePath","37663038c9a089913f5ffad162546cabec8cf0ce6abb238db45b5638180f575c","按本次实施报告逐项核对；清单不等于方法已验证"
"tests/unit/ad677ContractTest.m","F:/01_Laser/code/matlab/513DIANXING_analysis/CW_analysis/CW_513_ANALYSIS/tests/unit/ad677ContractTest.m","测试","classdef ad677ContractTest < matlab.unittest.TestCase","按分类使用；不是独立测量入口","converter.adc.calculateBandwidth; converter.adc.calculatePowerScale; converter.io.detectChannel; converter.io.parseFrequencyHz","dc2afc15510c330227aded737926c33db4b1b935690e24c4484cf9647e56733e","按本次实施报告逐项核对；清单不等于方法已验证"
"tests/unit/adcCoreTest.m","F:/01_Laser/code/matlab/513DIANXING_analysis/CW_analysis/CW_513_ANALYSIS/tests/unit/adcCoreTest.m","测试","classdef adcCoreTest < matlab.unittest.TestCase","按分类使用；不是独立测量入口","converter.adc.analyzeDynamicMetrics; converter.adc.calculateBandwidth; converter.adc.calculateInlDnl; converter.adc.calculateIsolation; converter.adc.estimateFrequency; converter.adc.findThreeDbCrossing; converter.adc.fitSine","9194730bf0611572348e5224c40f7068bdec0efa5daea89bcbe4f605e5fae6b8","按本次实施报告逐项核对；清单不等于方法已验证"
"tests/unit/adcMethodGuardsTest.m","F:/01_Laser/code/matlab/513DIANXING_analysis/CW_analysis/CW_513_ANALYSIS/tests/unit/adcMethodGuardsTest.m","测试","classdef adcMethodGuardsTest < matlab.unittest.TestCase","按分类使用；不是独立测量入口","converter.adc.analyzeDynamicMetrics; converter.adc.calculateBandwidth; converter.adc.calculateInlDnl; converter.adc.calculateIsolation","52bdb9791002729bae577824c3203dc47a254169fb42c83d8e01f0e0c9628b84","按本次实施报告逐项核对；清单不等于方法已验证"
"tests/unit/adcRadixTest.m","F:/01_Laser/code/matlab/513DIANXING_analysis/CW_analysis/CW_513_ANALYSIS/tests/unit/adcRadixTest.m","测试","classdef adcRadixTest < matlab.unittest.TestCase","按分类使用；不是独立测量入口","converter.io.detectChannel; converter.io.prepareAdcRadix; converter.io.readAdcCsv; converter.runtime.recordInputDecoding","d54ff1e275dd14b07ce57fa9e84d2057ee993dc358d3d280328f89ae360fa943","按本次实施报告逐项核对；清单不等于方法已验证"
"tests/unit/criticalInputEstimateTest.m","F:/01_Laser/code/matlab/513DIANXING_analysis/CW_analysis/CW_513_ANALYSIS/tests/unit/criticalInputEstimateTest.m","测试","classdef criticalInputEstimateTest < matlab.unittest.TestCase","按分类使用；不是独立测量入口","converter.adc.estimateCriticalInput","39e90b0ba9ab8c3a1345282afe7d69e9e3cde49d584c2d3b605f2dc3080e86ae","按本次实施报告逐项核对；清单不等于方法已验证"
"tests/unit/dacCoreTest.m","F:/01_Laser/code/matlab/513DIANXING_analysis/CW_analysis/CW_513_ANALYSIS/tests/unit/dacCoreTest.m","测试","classdef dacCoreTest < matlab.unittest.TestCase","按分类使用；不是独立测量入口","converter.dac.estimateToneFrequency; converter.dac.fitTone; converter.dac.loadPicoMat; converter.dac.runIsolation; converter.dac.runNoise; converter.dac.runScale; converter.io.prepareDacIsolation","4e8b60dbe00fa97a6b490abd95c171a58b27b5c3cdd1dea025251faf604ffda6","按本次实施报告逐项核对；清单不等于方法已验证"
"tests/unit/ioUtilitiesTest.m","F:/01_Laser/code/matlab/513DIANXING_analysis/CW_analysis/CW_513_ANALYSIS/tests/unit/ioUtilitiesTest.m","测试","classdef ioUtilitiesTest < matlab.unittest.TestCase","按分类使用；不是独立测量入口","converter.io.extractChannel; converter.io.parseDrivenChannel; converter.io.parseFrequencyHz; converter.io.parsePowerDbm; converter.io.readAdcCsv","bc3d2604fa790ced0c14166c60f72d7f8ac2065c20355a073e074cf6870edabc","按本次实施报告逐项核对；清单不等于方法已验证"
"tests/unit/noiseInputContractTest.m","F:/01_Laser/code/matlab/513DIANXING_analysis/CW_analysis/CW_513_ANALYSIS/tests/unit/noiseInputContractTest.m","测试","classdef noiseInputContractTest < matlab.unittest.TestCase","按分类使用；不是独立测量入口","converter.dac.fitTone; converter.dac.runNoise; converter.dac.runScale; converter.io.loadPicoMat","1a8694e68144d2c58766e05547be945f38ef301732bdb859bb2ac5925b7fb257","按本次实施报告逐项核对；清单不等于方法已验证"
"tests/unit/summaryWorkbookTest.m","F:/01_Laser/code/matlab/513DIANXING_analysis/CW_analysis/CW_513_ANALYSIS/tests/unit/summaryWorkbookTest.m","测试","classdef summaryWorkbookTest < matlab.unittest.TestCase","按分类使用；不是独立测量入口","converter.report.buildSummarySheets; converter.report.writeSummaryXlsx; converter.report.writeTable; converter.runtime.finalizeBundle; converter.runtime.refreshResultPaths","47304429949190c9ee2ab3175b7e8bf9e56c2889e9ad12c10d6473ca1d30fbcb","按本次实施报告逐项核对；清单不等于方法已验证"
"tools/buildDeviceRelease.m","F:/01_Laser/code/matlab/513DIANXING_analysis/CW_analysis/CW_513_ANALYSIS/tools/buildDeviceRelease.m","维护或通用工具","function release = buildDeviceRelease(deviceName, version)","按分类使用；不是独立测量入口","converter.report.writeTable; converter.runtime.getGitRevision; converter.runtime.sha256File","3850d4929ae586218f38da375ed0d0d5980cd00cee3cf7e4a948e3b65206e841","按本次实施报告逐项核对；清单不等于方法已验证"
"tools/deviceReleaseRegistry.m","F:/01_Laser/code/matlab/513DIANXING_analysis/CW_analysis/CW_513_ANALYSIS/tools/deviceReleaseRegistry.m","维护或通用工具","function spec = deviceReleaseRegistry(deviceName)","按分类使用；不是独立测量入口","","f0667e86a32fbecc89c8a5fd714f130e76112cb3eebc54e09318ca6bca8220de","按本次实施报告逐项核对；清单不等于方法已验证"
"tools/split_pico_mat_channels.m","F:/01_Laser/code/matlab/513DIANXING_analysis/CW_analysis/CW_513_ANALYSIS/tools/split_pico_mat_channels.m","维护或通用工具","function result = split_pico_mat_channels(dataFolder, selectedFiles, outputFolder, options)","按分类使用；不是独立测量入口","converter.io.resolveInputPath; converter.io.selectMatFiles; converter.report.writeTable; converter.runtime.sha256File","1e1cbda9fddb937561f2a2e604097fc8b996fe40f9456fb724e7c7d7d3a04c29","按本次实施报告逐项核对；清单不等于方法已验证"
"tools/verifyDeviceRelease.m","F:/01_Laser/code/matlab/513DIANXING_analysis/CW_analysis/CW_513_ANALYSIS/tools/verifyDeviceRelease.m","维护或通用工具","function passed = verifyDeviceRelease(releaseFolder, spec)","按分类使用；不是独立测量入口","converter.adc.fitSine; converter.dac.fitTone","1fa84864decafd874ce41245ea1093823673f22b4057c32a82327fbc9f2e391b","按本次实施报告逐项核对；清单不等于方法已验证"
